,Point ID,Observed Value [mGal],Time,Voltage [V],Temperature [Â°C],Altitude,Counter Reading,Remark,Date,Profile,ID,lat,lon,ele,time,cmt,name,x,y,Ele_tiff,minutes,drift factor,Corrected Value [mGal],Reading difference [mGal],abs_Grav,Elevation_corrected_normal,gravity_disturbance_Tomasz_Leo,Theo_Grav,gravity_disturbance_Andrea,gravity_disturbance_comparison,gravity_bouger_corrected,gravity_bouger_corrected1800,gravity_bouger_corrected2000,gravity_bouger_corrected2200,gravity_bouger_corrected2400,gravity_bouger_corrected2600,bouger_rho_delta,regional,residual,CORRECTEDx,CORRETED
0,8001,4864.71321,01/01/1900 13:04,12.6,50,9,4754.5,Base Station I,6.12.2022,8,96,51.41629097,6.298264973,8.799789,2022-12-06T11:57:06Z,,8001,312137.2347,5699583.159,41.4175,0,0,4864.71321,0,981184.48,981183.1837,1.296267792,981183.1876,1.292350152,-0.00391764,-3.341198162,-1.830113605,-2.177489475,-2.524865106,-2.872240738,-3.219616607,-1.389503002,-2.970344158,-0.370854004,218366.5117,381192.513
1,8002,4865.533514,01/01/1900 13:14,12.6,50,13,4755.3,,6.12.2022,8,97,51.41715003,6.301201992,13.238115,2022-12-06T12:10:34Z,BASE1,8002,312344.9437,5699671.146,38.6,0,0,4865.533514,0.820304,981185.3003,981184.1291,1.1712035,981184.1328,1.167553605,-0.003649895,-3.150790328,-1.74250018,-2.066245192,-2.389989966,-2.71373474,-3.037479991,-1.294979811,-2.910675208,-0.24011512,218569.6151,381290.6376
2,8003,4866.25128,01/01/1900 13:22,12.5,50,16,4756,,6.12.2022,8,98,51.417849,6.303712958,15.555175,2022-12-06T12:20:06Z,,8003,312522.3707,5699742.43,37.055,0,0,4866.25128,1.53807,981186.0181,981184.6676,1.350438369,981184.6711,1.346934781,-0.003503588,-2.798563706,-1.446641671,-1.757428633,-2.068215119,-2.379001843,-2.689788567,-1.243146896,-2.89092203,0.092358324,218743.2993,381370.5864
3,8004,4866.456356,01/01/1900 13:32,12.5,50,18,4756.2,,6.12.2022,8,99,51.41740702,6.305652028,17.087118,2022-12-06T12:28:22Z,,8004,312655.3678,5699688.328,35.9175,0,0,4866.456356,1.743146,981186.2231,981184.9796,1.243524984,981184.983,1.240128514,-0.00339647,-2.778112932,-1.467691465,-1.76893787,-2.070184036,-2.371430202,-2.672676607,-1.204985142,-2.882718499,0.104605567,218878.7973,381323.1159
4,8005,4867.174122,01/01/1900 13:41,12.6,50,18,4756.9,Changing voltage,6.12.2022,8,100,51.417749,6.310514035,17.734779,2022-12-06T12:39:01Z,,8005,312994.7761,5699713.928,32.12,0,0,4867.174122,2.460912,981186.9409,981186.1817,0.759173051,981186.1848,0.756133773,-0.003039279,-2.837263211,-1.665390595,-1.9347869,-2.204182728,-2.473578556,-2.742974862,-1.077584267,-2.946029502,0.108766291,219216.5121,381365.432
5,8006,4868.404578,01/01/1900 13:53,12.5,49.9,17,4758.1,,6.12.2022,8,101,51.41806299,6.315432033,17.373825,2022-12-06T12:53:01Z,,8006,313337.9582,5699736.295,28.8525,0,0,4868.404578,3.691368,981188.1714,981187.2178,0.953542232,981187.2206,0.950809416,-0.002732816,-2.277036429,-1.224375964,-1.466367007,-1.708357811,-1.950348616,-2.192339659,-0.967963696,-3.108472586,0.831436157,219558.1561,381404.7056
6,8007,4868.712192,01/01/1900 14:03,12.5,49.9,20,4758.4,,6.12.2022,8,102,51.41929404,6.31658203,19.79159,2022-12-06T13:02:03Z,,8007,313422.9211,5699870.239,28.2375,0,0,4868.712192,3.998982,981188.479,981187.5164,0.962620402,981187.519,0.959945004,-0.002675398,-2.199097252,-1.168874597,-1.405707454,-1.642540312,-1.87937293,-2.116205787,-0.94733119,-3.190610436,0.991513184,219636.4017,381542.6729
7,8008,4863.995444,01/01/1900 14:46,12.4,49.9,38,4753.8,Next to windmill,6.12.2022,8,103,51.414916,6.294203019,38.460358,2022-12-06T13:45:40Z,,8008,311849.1892,5699440.71,43.607502,0,0,4863.995444,-0.717766,981183.7622,981182.3864,1.375798499,981182.3906,1.371672512,-0.004125987,-3.506879056,-1.915894235,-2.281638111,-2.647381509,-3.013125146,-3.37886926,-1.462975025,-3.118551984,-0.388327072,218085.8616,381036.0318
8,8009,4863.277678,01/01/1900 14:59,12.4,49.9,42,4753.1,,6.12.2022,8,104,51.41503704,6.288583037,41.980202,2022-12-06T13:58:01Z,,8009,311458.9598,5699468.616,45.06,0,0,4863.277678,-1.435532,981183.0445,981181.9489,1.095581703,981181.9532,1.091316831,-0.004264871,-3.949730702,-2.305752345,-2.683678456,-3.061604329,-3.439530202,-3.817456551,-1.511704206,-3.440071393,-0.509659309,217694.7521,381044.647
9,8010,4862.867526,01/01/1900 15:03,12.5,49.9,40,4752.7,,6.12.2022,8,105,51.41404102,6.284112968,40.490585,2022-12-06T14:03:49Z,,8010,311144.0745,5699369.389,45.365,0,0,4862.867526,-1.845684,981182.6343,981181.7668,0.867540003,981181.7711,0.863246473,-0.00429353,-4.211923002,-2.556816696,-2.937301038,-3.317785143,-3.698269247,-4.078753351,-1.521936655,-3.796477875,-0.415445127,217385.1645,380930.0092
10,8011,4863.226409,01/01/1900 15:14,12.4,49.9,38,4753.05,,6.12.2022,8,106,51.41246304,6.27946998,38.049664,2022-12-06T14:13:36Z,,8011,310814.75,5699205.923,43.8125,0,0,4863.226409,-1.486801,981182.9932,981182.1065,0.886719927,981182.1106,0.882574615,-0.004145311,-4.018911139,-2.420446888,-2.787910238,-3.15537335,-3.522835985,-3.890299097,-1.469852209,-4.27019317,0.251282031,217064.3262,380750.5025
11,8012,4862.867526,01/01/1900 15:23,12.4,49.9,37,4752.7,,6.12.2022,8,107,51.41300401,6.275613969,37.158432,2022-12-06T14:23:20Z,,8012,310548.8855,5699276.035,44.595,0,0,4862.867526,-1.845684,981182.6343,981181.9128,0.721527625,981181.917,0.717307306,-0.004220319,-4.271719407,-2.644705962,-3.01873226,-3.39275832,-3.766784142,-4.140810441,-1.496104479,-4.702665461,0.430946055,216795.3421,380807.4069
12,8013,4862.098491,01/01/1900 15:33,12.4,49.9,39,4751.95,Next to greenhouse,6.12.2022,8,108,51.41311599,6.266669976,39.282234,2022-12-06T14:33:39Z,,8013,309927.4981,5699311.654,45.9,0,0,4862.098491,-2.614719,981181.8653,981181.52,0.345322488,981181.5243,0.340977858,-0.004344629,-4.794043662,-3.119418504,-3.504390123,-3.889361026,-4.274332168,-4.659303787,-1.539885283,-5.949376858,1.155333195,216172.9931,380812.3206
13,8014,4862.457374,01/01/1900 15:40,12.4,49.9,38,4752.3,,6.12.2022,8,109,51.41342503,6.270184005,38.365517,2022-12-06T14:39:46Z,,8014,310173.0991,5699336.903,45.495003,0,0,4862.457374,-2.255836,981182.2242,981181.6722,0.551923026,981181.6765,0.547616378,-0.004306648,-4.54209591,-2.882246743,-3.263821612,-3.645396004,-4.026970158,-4.408544789,-1.526298046,-5.412314676,0.870218766,216417.0335,380849.6553
14,8015,4860.919304,01/01/1900 15:56,12.4,49.9,41,4750.8,After wire disconected,6.12.2022,8,110,51.412816,6.260078028,40.657936,2022-12-06T14:56:01Z,,8015,309467.9316,5699295.425,48.415,0,0,4860.919304,-3.793906,981180.6861,981180.7173,-0.031234791,981180.7219,-0.035820767,-0.004585975,-5.45220237,-3.685819438,-4.091884663,-4.49794965,-4.904014638,-5.310079625,-1.624260187,-7.0845496,1.632347229,215714.8172,380773.4374
15,8016,4860.406614,01/01/1900 16:06,12.3,49.9,38,4750.3,,6.12.2022,8,111,51.412772,6.256717974,38.307945,2022-12-06T15:05:36Z,,8016,309234.1324,5699299.276,48.7325,0,0,4860.406614,-4.306596,981180.1734,981180.6155,-0.442057842,981180.6201,-0.446674202,-0.004616361,-5.898575061,-4.120608562,-4.529336685,-4.938064331,-5.346792453,-5.755520576,-1.634912014,-7.726418745,1.827843684,215481.1286,380765.7479
16,8017,4859.514533,01/01/1900 16:17,12.4,49.9,39,4749.43,lamas,6.12.2022,8,112,51.41315597,6.25302298,39.201378,2022-12-06T15:12:30Z,,8017,308978.8299,5699351.597,47.775,0,0,4859.514533,-5.1986766,981179.2813,981180.9449,-1.663541408,981180.9494,-1.668066671,-0.004525263,-7.012848946,-5.269816013,-5.670513245,-6.071210476,-6.471907707,-6.872604938,-1.602788925,-8.46352289,1.450673945,215223.5731,380805.4051
17,8018,4860.816766,01/01/1900 16:29,12.3,49.9,27,4750.7,,6.12.2022,8,113,51.41390003,6.248782994,27.225372,2022-12-06T15:26:14Z,,8018,308687.1445,5699445.389,32.6375,0,0,4860.816766,-3.896444,981180.5836,981185.682,-5.098472328,981185.6851,-5.101558589,-0.003086261,-8.75285265,-7.562099428,-7.835835905,-8.109572143,-8.38330862,-8.657045097,-1.094945669,-9.355519603,0.602666954,214927.6358,380884.6846
18,8001,4864.71321,01/01/1900 16:52,12.3,49.9,9,4754.5,Base Station I,6.12.2022,8,96,51.41629097,6.298264973,8.799789,2022-12-06T11:57:06Z,,8001,312137.2347,5699583.159,41.4175,0,0,4864.71321,0,981184.48,981183.1837,1.296267792,981183.1876,1.292350152,-0.00391764,-3.341198162,-1.830113605,-2.177489475,-2.524865106,-2.872240738,-3.219616607,-1.389503002,-2.970344158,-0.370854004,218366.5117,381192.513
19,8001,4864.71321,01/01/1900 11:47,12.5,49.9,,4754.5,Base Station I*,7.12.2022,8,96,51.41629097,6.298264973,8.799789,2022-12-06T11:57:06Z,,8001,312137.2347,5699583.159,41.4175,0,0,4864.71321,0,981184.48,981183.1837,1.296267792,981183.1876,1.292350152,-0.00391764,-3.341198162,-1.830113605,-2.177489475,-2.524865106,-2.872240738,-3.219616607,-1.389503002,-2.970344158,-0.370854004,218366.5117,381192.513
20,8019,4858.099509,01/01/1900 12:04,12.5,50,16,4748.05,,7.12.2022,,114,51.41449397,6.238276027,15.958936,2022-12-07T11:03:51Z,,8019,307959.1312,5699538.917,21.845001,0,0,4858.099509,-6.613701,981177.8663,981189.0651,-11.19876305,981189.0671,-11.20084399,-0.002080938,-13.64472071,-12.84772317,-13.03094105,-13.21415893,-13.3973767,-13.58059446,-0.732871294,-11.92228117,-1.722439541,214195.9479,380942.1722
21,8020,4857.02286,01/01/1900 12:22,12.5,50,15,4747,,7.12.2022,,115,51.41557197,6.230095038,15.035666,2022-12-07T11:18:02Z,,8020,307394.8841,5699680.251,20.3675,0,0,4857.02286,-7.69035,981176.7896,981189.6162,-12.82659714,981189.6182,-12.82854223,-0.001945088,-15.10712092,-14.36402874,-14.53485457,-14.70568029,-14.87650601,-15.04733197,-0.683303237,-14.16616248,-0.94095844,213625.4581,381055.4838
22,8021,4856.253825,01/01/1900 12:37,12.5,49.9,15,4746.25,,7.12.2022,,116,51.41664502,6.218759017,15.369341,2022-12-07T11:34:57Z,,8021,306611.3024,5699829.423,20.119999,0,0,4856.253825,-8.459385,981176.0206,981189.7874,-13.76680193,981189.7893,-13.76872446,-0.00192253,-16.01961312,-15.28555105,-15.45430109,-15.6230509,-15.79180083,-15.96055088,-0.674999833,-17.71582159,1.696208463,212835.5339,381165.8011
23,8022,4856.663977,01/01/1900 12:44,12.5,49.9,16,4746.65,off point,7.12.2022,,117,51.41916999,6.216568993,15.773939,2022-12-07T11:44:10Z,,8022,306469.719,5700115.939,19.605,0,0,4856.663977,-8.049233,981176.4308,981190.1694,-13.73862544,981190.1713,-13.74050086,-0.001875425,-15.93377295,-15.21850005,-15.38293067,-15.54736117,-15.71179167,-15.87622228,-0.657722235,-18.24073063,2.306957678,212679.9982,381444.9586
24,7001,4858.56093,01/01/1900 12:57,12.5,49.9,6,4748.5,,7.12.2022,,82,51.42977301,6.224466003,6.034142,2022-12-07T11:53:43Z,,7001,307063.3787,5701273.979,18.8225,0,0,4858.56093,-6.15228,981178.3277,981191.3475,-13.0197383,981191.3493,-13.02154309,-0.001804787,-15.12727033,-14.44054626,-14.59841393,-14.75628148,-14.91414903,-15.07201658,-0.631470323,-14.69948064,-0.42778969,213215.7436,382630.7853
25,6001,4859.893924,01/01/1900 13:02,12.5,49.9,9,4749.8,,7.12.2022,,70,51.43771302,6.22161096,8.722583,2022-12-07T12:02:36Z,,6001,306898.4474,5702164.298,18.73,0,0,4859.893924,-4.819286,981179.6607,981192.0773,-12.41659636,981192.0791,-12.4183936,-0.001797236,-14.513771,-13.83042199,-13.98751385,-14.14460547,-14.3016972,-14.45878906,-0.628367066,-14.84863042,0.334859413,213007.0902,383511.8065
26,6002,4859.483772,01/01/1900 13:11,12.5,49.9,10,4749.4,,7.12.2022,,71,51.43799398,6.216932014,9.544105,2022-12-07T12:10:49Z,,6002,306574.499,5702207.885,18.65,0,0,4859.483772,-5.229438,981179.2506,981192.1268,-12.87625142,981192.1286,-12.87804151,-0.001790095,-14.96446868,-14.28403826,-14.44045909,-14.59687992,-14.75330062,-14.90972157,-0.625683308,-16.29753388,1.333065201,212681.4129,383539.3494
27,7002,4858.458392,01/01/1900 13:26,12.5,49.9,11,4748.4,,7.12.2022,,83,51.43272202,6.214348041,10.555664,2022-12-07T12:26:04Z,,7002,306372.6419,5701628.561,19.2125,0,0,4858.458392,-6.254818,981178.2252,981191.4876,-13.26240037,981191.4894,-13.26424135,-0.001840984,-15.41359995,-14.7126473,-14.87378595,-15.03492449,-15.19606302,-15.35720156,-0.644554257,-17.68713553,2.273535583,212508.4086,382950.8193
28,6003,4861.329456,01/01/1900 13:55,12.5,49.9,13,4751.2,,7.12.2022,,72,51.4383,6.228515971,19.260426,2022-12-07T12:55:20Z,,6003,307380.7414,5702211.376,19.89,0,0,4861.329456,-3.383754,981181.0962,981191.7712,-10.67493245,981191.7731,-10.67683673,-0.001904273,-12.90199086,-12.17632017,-12.34314105,-12.50996194,-12.67678282,-12.84360382,-0.667283654,-12.7768363,-0.12515456,213486.4334,383582.6255
29,6004,4864.559403,01/01/1900 14:04,12.5,49.9,20,4754.35,,7.12.2022,,73,51.43869102,6.235849969,20.35931,2022-12-07T13:03:19Z,,6004,307892.0104,5702235.585,19.275,0,0,4864.559403,-0.153807,981184.3262,981191.9955,-7.669309697,981191.9974,-7.671157395,-0.001847697,-9.827507339,-9.124274454,-9.285937271,-9.447599969,-9.609262667,-9.770925603,-0.646651149,-10.81149753,0.983990189,213995.8438,383632.0357
30,6005,4864.815748,01/01/1900 14:14,12.5,49.9,27,4754.6,,7.12.2022,,74,51.43598199,6.24142997,26.55851,2022-12-07T13:13:32Z,,6005,308268.4048,5701919.762,24.1675,0,0,4864.815748,0.102538,981184.5825,981190.2464,-5.66386888,981190.2487,-5.666169061,-0.002300181,-8.369873738,-7.488141751,-7.690838789,-7.893535828,-8.096232867,-8.298929905,-0.810788155,-9.675158198,1.30528446,214387.3372,383335.198
31,7003,4863.585292,01/01/1900 14:31,12.5,49.9,25,4753.4,,7.12.2022,,84,51.42903197,6.243056981,27.100092,2022-12-07T13:30:53Z,,7003,308352.375,5701142.776,24.925,0,0,4863.585292,-1.127918,981183.3521,981189.3988,-6.046689746,981189.4011,-6.049058796,-0.00236905,-8.837510821,-7.928142187,-8.137192484,-8.346242663,-8.55529308,-8.764343497,-0.83620131,-9.770131728,0.932620907,214509.5431,382563.3613
32,7004,4861.739608,01/01/1900 14:40,12.5,49.9,23,4751.6,,7.12.2022,,85,51.42907002,6.237212028,23.264114,2022-12-07T13:39:45Z,,7004,307946.2954,5701162.318,19.0525,0,0,4861.739608,-2.973602,981181.5064,981191.2144,-9.707988473,981191.2162,-9.709814147,-0.001825674,-11.84127328,-11.14615783,-11.30595455,-11.46575114,-11.62554774,-11.78534433,-0.639186502,-11.19015652,-0.651116764,214103.0247,382562.8388
33,7005,4859.176158,01/01/1900 14:54,12.5,49.9,21,4749.1,,7.12.2022,,86,51.42926699,6.23074078,,2023-01-03T15:45:04Z,,7005,307497.3561,5701201.207,18.6225,0,0,4859.176158,-5.537052,981178.9429,981191.3645,-12.42153507,981191.3663,-12.42332123,-0.001786159,-14.50667315,-13.82724612,-13.98343628,-14.13962644,-14.29581647,-14.45200663,-0.624760509,-12.90703717,-1.59963598,213652.7484,382579.5234
34,7006,4862.918795,01/01/1900 15:13,12.5,49.9,43,4752.75,,7.12.2022,,87,51.42929298,6.251668967,43.417133,2022-12-07T14:12:48Z,,7006,308952.0203,5701149.296,43.7675,0,0,4862.918795,-1.794415,981182.6856,981183.607,-0.921444733,981183.6112,-0.925591265,-0.004146532,-5.822037537,-4.225215037,-4.592300732,-4.959386189,-5.326471646,-5.69355758,-1.468342543,-7.905776543,2.083739006,215108.0921,382599.4645
35,7007,4863.636561,01/01/1900 15:24,12.4,49.9,43,4753.45,,7.12.2022,,88,51.42922299,6.257463042,43.238091,2022-12-07T14:24:39Z,,7007,309354.4307,5701126.417,45.1125,0,0,4863.636561,-1.076649,981183.4034,981183.1858,0.217569061,981183.1901,0.213294197,-0.004274863,-4.833621316,-3.187727742,-3.566094212,-3.944460683,-4.322826676,-4.701193147,-1.513465405,-6.831565946,1.99794463,215511.1129,382596.4735
36,7008,4865.430976,01/01/1900 15:33,12.4,49.9,42,4755.2,,7.12.2022,,89,51.42859401,6.273206016,41.586502,2022-12-07T14:32:28Z,,7008,310446.0045,5701015.622,41.63,0,0,4865.430976,0.717766,981185.1978,981184.2049,0.992841629,981184.2089,0.98890038,-0.003941249,-3.668418022,-2.149580331,-2.498738618,-2.847896429,-3.197054477,-3.546212764,-1.396632433,-4.591978729,0.923560708,216606.752,382539.6897
37,7009,4864.508134,01/01/1900 15:40,12.4,49.9,43,4754.3,,7.12.2022,,90,51.42803502,6.267215973,43.085709,2022-12-07T14:39:55Z,,7009,310027.3554,5700968.992,44.0325,0,0,4864.508134,-0.205076,981184.2749,981183.4141,0.860786946,981183.4183,0.856615771,-0.004171176,-4.069477527,-2.462986676,-2.832295148,-3.201603381,-3.570911376,-3.940219848,-1.477233171,-5.360444927,1.2909674,216190.9411,382472.4593
38,7010,4865.687321,01/01/1900 15:48,12.4,49.9,41,4755.45,,7.12.2022,,91,51.42831699,6.28192001,40.74464,2022-12-07T14:48:37Z,,7010,311050.5163,5700962.305,42.44,0,0,4865.687321,0.974111,981185.4541,981183.9305,1.523621439,981183.9345,1.519602575,-0.004018864,-3.228332163,-1.679942728,-2.035894753,-2.391846062,-2.74779761,-3.103749396,-1.423806667,-3.76258168,0.534249517,217213.1211,382516.2739
39,7011,4866.76397,01/01/1900 15:54,12.4,49.9,32,4756.5,,7.12.2022,,92,51.42874204,6.290956959,37.24287,2022-12-07T14:54:12Z,,7011,311680.3711,5700986.289,39.5175,0,0,4866.76397,2.05076,981186.5308,981184.8699,1.660844259,981184.8737,1.657103281,-0.003740978,-2.763881273,-1.32211668,-1.65355689,-1.984997101,-2.316437073,-2.647877283,-1.325760603,-3.207994927,0.444113654,217840.9879,382571.3113
40,7012,4867.943157,01/01/1900 16:00,12.4,49.9,32,4757.65,,7.12.2022,,93,51.42891504,6.294554975,36.211876,2022-12-07T15:00:55Z,,7012,311931.1571,5700996.279,35.850002,0,0,4867.943157,3.229947,981187.7099,981186.017,1.692959007,981186.0204,1.689566366,-0.003392641,-2.321121041,-1.013162438,-1.313842598,-1.614522759,-1.915202919,-2.215883318,-1.202720881,-3.079682615,0.758561575,218090.9613,382593.6653
41,7013,4865.73859,01/01/1900 16:06,12.4,49.9,33,4755.5,,7.12.2022,,94,51.42774903,6.302826991,32.695469,2022-12-07T15:07:09Z,,7013,312501.3163,5700845.429,31.862501,0,0,4865.73859,1.02538,981185.5054,981187.1445,-1.639157572,981187.1476,-1.642174903,-0.003017331,-5.206762114,-4.044284144,-4.311520615,-4.578756848,-4.845993081,-5.113229552,-1.068945408,-2.975382343,-2.231379771,218667.8397,382471.1456
42,7014,4870.250262,01/01/1900 16:19,12.4,49.9,31,4759.9,,7.12.2022,,95,51.42668897,6.308012037,30.870302,2022-12-07T15:18:32Z,,7014,312857.3722,5700714.306,29.195,0,0,4870.250262,5.537052,981190.0171,981187.8741,2.142957951,981187.8769,2.140191572,-0.002766379,-1.125969862,-0.060813402,-0.30567715,-0.550540661,-0.795404171,-1.040267681,-0.979454279,-3.031964096,1.905994234,219029.9147,382357.7611
43,6006,4869.635034,01/01/1900 16:33,12.3,49.9,30,4759.3,,7.12.2022,,75,51.43693803,6.293432973,30.380161,2022-12-07T15:32:32Z,,6006,311886.1457,5701891.193,33.1175,0,0,4869.635034,4.921824,981189.4018,981187.5689,1.832946625,981187.572,1.829808922,-0.003137703,-1.875178728,-0.666912946,-0.944675359,-1.222437534,-1.500199709,-1.777962122,-1.111049175,-3.058848838,1.18367011,218001.8394,383485.2171
44,6007,4869.122344,01/01/1900 16:38,12.4,49.9,31,4758.8,,7.12.2022,,76,51.43699402,6.28709198,30.644968,2022-12-07T15:37:44Z,,6007,311445.7331,5701913.725,34.5325,0,0,4869.122344,4.409134,981188.8891,981187.1372,1.751979697,981187.1404,1.748709445,-0.003270252,-2.114581478,-0.854690683,-1.144320858,-1.433950794,-1.723580969,-2.013211143,-1.15852046,-3.28348163,1.168900152,217560.8769,383485.9831
45,6008,4867.430467,01/01/1900 16:48,12.4,49.9,36,4757.15,,7.12.2022,,77,51.43617997,6.278301962,36.403309,2022-12-07T15:48:04Z,,6008,310831.5414,5701845.884,40.13,0,0,4867.430467,2.717257,981187.1973,981185.3379,1.859391938,981185.3417,1.85559047,-0.003801468,-2.633914222,-1.169803132,-1.506380548,-1.842957725,-2.17953514,-2.516112556,-1.346309423,-3.880058869,1.246144647,216950.8193,383387.9151
46,6009,4867.122853,01/01/1900 16:59,12.3,49.9,31,4756.85,,7.12.2022,,78,51.43578401,6.274228022,38.60429,2022-12-07T15:56:26Z,,6009,310546.7955,5701812.391,39.915,0,0.000296353,4867.122853,0,981184.48,981185.3692,-0.889241196,981185.373,-0.893022102,-0.003780906,-5.358474232,-3.902207114,-4.236981369,-4.571755387,-4.906529404,-5.241303421,-1.339096308,-4.266563766,-1.091910466,216668.0914,383340.4115
47,6010,4865.892397,01/01/1900 17:05,12.4,49.9,43,4755.65,,7.12.2022,,79,51.43617804,6.278307997,43.109257,2022-12-07T16:05:12Z,,6010,310831.9528,5701845.654,40.13,0,0.000296353,4865.892397,-1.230456,981183.2495,981185.3377,-2.088150788,981185.3415,-2.091952256,-0.003801468,-6.581456948,-5.117345858,-5.453923274,-5.790500451,-6.127077866,-6.463655282,-1.346309423,-3.879603286,-2.701853662,216951.2415,383387.7057
48,8001,4864.71321,01/01/1900 18:23,12.4,49.9,,4754.5,Base Station I*,7.12.2022,,96,51.41629097,6.298264973,8.799789,2022-12-06T11:57:06Z,,8001,312137.2347,5699583.159,41.4175,0,0.000296353,4864.71321,-2.409643,981182.0704,981183.1837,-1.113375208,981183.1876,-1.117292848,-0.00391764,-5.750841162,-4.239756605,-4.587132475,-4.934508106,-5.281883738,-5.629259607,-1.389503002,-2.970344158,-2.780497004,218366.5117,381192.513
49,8023,4859.893924,01/01/1900 12:58,12.7,50,3,4749.8,Base Station II,8.12.2022,,118,51.414685,6.243488984,2.53746,2022-12-08T11:58:59Z,,8023,308322.3597,5699546.503,23.7575,0,0.000296353,4859.893924,-7.228929,981177.2511,981188.4917,-11.24066877,981188.494,-11.2429267,-0.002257934,-13.90076636,-13.033993,-13.23325132,-13.43250965,-13.63176774,-13.83102607,-0.797033072,-10.56696689,-3.333799473,214558.3328,380967.6699
50,8024,4857.689357,01/01/1900 13:04,12.7,50,1,4747.65,,8.12.2022,,119,51.41520199,6.234026989,1.024955,2022-12-08T12:04:17Z,,8024,307666.6913,5699628.785,19.42,6,0.000296353,4857.687579,-9.435274116,981175.0447,981189.876,-14.83123703,981189.8778,-14.83309444,-0.001857406,-17.00567026,-16.29714699,-16.46002598,-16.62290485,-16.78578372,-16.94866271,-0.651515722,-13.04673794,-3.95893232,213899.4524,381017.4952
51,6011,4864.303058,01/01/1900 13:13,12.7,50,33,4754.1,,8.12.2022,,80,51.43603697,6.25644003,34.492325,2022-12-08T12:13:25Z,,6011,309311.7149,5701886.684,45.7275,15,0.000296353,4864.298613,-2.824240289,981181.6558,981183.5978,-1.942087058,981183.6022,-1.946423521,-0.004336463,-7.062138442,-5.393807058,-5.777331714,-6.160856132,-6.54438055,-6.927904967,-1.53409791,-6.665807434,-0.396331008,215430.932,383353.653
52,6012,4864.610672,01/01/1900 13:23,12.7,49.9,32,4754.4,,8.12.2022,,81,51.43662203,6.250089984,30.669586,2022-12-08T12:23:00Z,,6012,308872.8799,5701968.287,38.7925,25,0.000296353,4864.603263,-2.519589815,981181.9604,981185.7897,-3.829252531,981185.7933,-3.832926836,-0.003674305,-8.172800352,-6.75748687,-7.082846453,-7.408205797,-7.733565142,-8.058924963,-1.301438093,-7.793516748,-0.379283605,214988.6358,383413.4927
53,5001,4865.020824,01/01/1900 13:33,12.6,49.9,30,4754.8,,8.12.2022,,58,51.44284802,6.255203029,45.654312,2022-12-08T12:32:40Z,,5001,309254.1424,5702647.184,46.7775,35,0.000296353,4865.010452,-2.112401341,981182.3676,981183.8754,-1.507781596,981183.8798,-1.512221467,-0.004439872,-6.745400042,-5.038760275,-5.431091399,-5.823422522,-6.215753169,-6.608084292,-1.569324017,-6.507112363,-0.238287679,215335.8991,384110.3307
54,5002,4865.020824,01/01/1900 13:39,12.6,49.9,40,4754.8,,8.12.2022,,59,51.44330098,6.248336993,40.125847,2022-12-08T12:38:44Z,,5002,308778.9712,5702715.453,39.9225,41,0.000296353,4865.008674,-2.114179457,981182.3658,981186.0308,-3.665018307,981186.0346,-3.668801375,-0.003783068,-8.135091053,-6.678550469,-7.013387428,-7.348224388,-7.683061348,-8.017898308,-1.339347839,-7.72003912,-0.415051933,214857.972,384155.0584
55,5003,4865.841128,01/01/1900 13:47,12.7,49.9,29,4755.6,,8.12.2022,,60,51.44320501,6.242180988,29.303057,2022-12-08T12:46:57Z,,5003,308350.8441,5702720.877,27.3675,49,0.000296353,4865.826607,-1.296246277,981183.1838,981189.8968,-6.713081521,981189.8994,-6.715681076,-0.002599555,-9.777386588,-8.778905076,-9.008441133,-9.237976951,-9.467513007,-9.697049064,-0.918143988,-8.995806173,-0.781580415,214430.1312,384139.3444
56,4001,4867.071584,01/01/1900 13:59,12.7,49.9,28,4756.8,,8.12.2022,,46,51.45074696,6.24003103,27.575516,2022-12-08T12:58:56Z,,4001,308233.0759,5703565.047,24.6725,61,0.000296353,4867.053506,-0.069346509,981184.4107,981191.3946,-6.983937288,981191.3969,-6.986287013,-0.002349725,-9.74648645,-8.846329952,-9.053262496,-9.260195041,-9.467127586,-9.67406013,-0.827730179,-8.905489691,-0.840996759,214270.8486,384976.6075
57,2001,4866.661432,01/01/1900 14:26,12.6,49.9,29,4756.4,,8.12.2022,,24,51.45832596,6.235839995,28.914265,2022-12-08T13:25:30Z,,2001,307973.7467,5704418.693,27.01,88,0.000296353,4866.635353,-0.487500029,981183.9925,981191.3425,-7.350049533,981191.3451,-7.35261841,-0.002568877,-10.37432555,-9.388887205,-9.615424909,-9.841962375,-10.06849984,-10.29503755,-0.906150341,-9.223767735,-1.150557816,213969.7175,385816.3442
58,3001,4866.815239,01/01/1900 14:38,12.6,49.9,22,4756.55,,8.12.2022,,35,51.45664103,6.231794972,22.080627,2022-12-08T13:37:39Z,,3001,307685.7029,5704241.974,22.0525,100,0.000296353,4866.785604,-0.33724926,981184.1428,981192.7236,-8.5808883,981192.7257,-8.5829957,-0.002107401,-11.05007937,-10.24551132,-10.43046954,-10.61542776,-10.80038574,-10.98534396,-0.73983264,-10.31818826,-0.731891114,213690.7718,385625.6358
59,3002,4865.072093,01/01/1900 14:46,12.6,49.9,17,4754.85,,8.12.2022,,36,51.45470699,6.224189987,16.672348,2022-12-08T13:44:55Z,,3002,307149.3029,5704046.946,18.705,108,0.000296353,4865.040087,-2.082766081,981182.3972,981193.5859,-11.18864779,981193.5877,-11.1904452,-0.001797412,-13.2830234,-12.60058634,-12.75746851,-12.91435055,-13.0712326,-13.22811465,-0.62752831,-12.47296378,-0.810059618,213164.6973,385404.3834
60,2002,4865.789859,01/01/1900 14:52,12.5,49.9,16,4755.55,,8.12.2022,,25,51.45973404,6.222970001,15.986069,2022-12-08T13:51:19Z,,2002,307085.7636,5704609.084,18.14,114,0.000296353,4865.756075,-1.366778197,981183.1132,981194.2042,-11.0909545,981194.2059,-11.09270033,-0.001745834,-13.12206764,-12.46024425,-12.61238761,-12.76453085,-12.91667421,-13.06881757,-0.608573318,-12.31285894,-0.8092087,213073.4917,385962.652
61,2003,4866.661432,01/01/1900 14:59,12.5,49.9,20,4756.4,,8.12.2022,,26,51.45938602,6.228301981,20.186523,2022-12-08T14:00:11Z,,2003,307454.6349,5704556.353,20.455,121,0.000296353,4866.625573,-0.497279665,981183.9827,981193.459,-9.476314053,981193.461,-9.478273818,-0.001959765,-11.76663493,-11.02035056,-11.19191025,-11.36346982,-11.5350294,-11.70658921,-0.686238647,-10.93677362,-0.82986131,213444.4853,385928.1991
62,2004,4867.379198,01/01/1900 15:05,12.6,49.9,32,4757.1,,8.12.2022,,27,51.45971702,6.244283002,32.113579,2022-12-08T14:06:08Z,,2004,308566.0043,5704551.245,32.225,127,0.000296353,4867.341561,0.21870822,981184.6987,981189.856,-5.15733493,981189.8591,-5.160393314,-0.003058383,-8.765527851,-7.589824564,-7.860101349,-8.130377895,-8.400654442,-8.670931227,-1.081106663,-7.357202601,-1.40832525,214554.6629,385977.9614
63,3003,4868.096964,01/01/1900 15:18,12.6,49.9,33,4757.8,,8.12.2022,,37,51.45643098,6.249495037,33.443352,2022-12-08T14:18:17Z,,3003,308914.2827,5704172.273,34.65,140,0.000296353,4868.055475,0.932621636,981185.4126,981188.8175,-3.404879377,981188.8208,-3.408165742,-0.003286365,-7.284596966,-6.020419167,-6.311034964,-6.601650522,-6.892265842,-7.182881639,-1.162462473,-6.642211301,-0.642385665,214921.1985,385616.6733
64,3004,4868.199502,01/01/1900 15:25,12.5,49.9,35,4757.9,,8.12.2022,,38,51.45335197,6.255909037,35.375656,2022-12-08T14:25:13Z,,3004,309346.9729,5703813.216,39.7775,147,0.000296353,4868.155938,1.033085168,981185.5131,981186.9632,-1.450158694,981186.967,-1.453931678,-0.003772984,-5.903996089,-4.452745535,-4.786366322,-5.119987109,-5.453607657,-5.787228682,-1.334483147,-5.792123069,-0.111873019,215371.0539,385279.4398
65,3005,4869.635034,01/01/1900 15:32,12.5,49.9,33,4759.3,by the highway,8.12.2022,,39,51.45460096,6.264245007,33.436508,2022-12-08T14:32:24Z,,3005,309931.2282,5703930.409,38.135002,154,0.000296353,4869.589396,2.466542699,981186.9465,981187.5804,-0.633876291,981187.584,-0.637493216,-0.003616925,-4.903805223,-3.512479749,-3.832324949,-4.152169671,-4.472014394,-4.791859594,-1.279379845,-4.601479076,-0.302326147,215948.7705,385425.323
66,3006,4870.198993,01/01/1900 15:40,12.5,49.9,31,4759.85,,8.12.2022,,40,51.45242703,6.271278011,31.301773,2022-12-08T14:40:04Z,,3006,310410.7593,5703670.468,36.72,162,0.000296353,4870.150984,3.028130879,981187.5081,981187.8251,-0.316973465,981187.8286,-0.320455414,-0.003481949,-4.428466098,-3.088766353,-3.396743553,-3.704720514,-4.012697237,-4.320674675,-1.231908321,-3.961071434,-0.467394665,216440.5164,385189.3883
67,2005,4872.198484,01/01/1900 15:52,12.5,49.9,27,4761.8,,8.12.2022,,28,51.46128796,6.279151971,26.903744,2022-12-08T14:52:59Z,,2005,310994.3632,5704635.306,33.7275,174,0.000296353,4872.146919,5.024065647,981189.5041,981189.5311,-0.027029672,981189.5343,-0.030230602,-0.003200931,-3.803455987,-2.572935023,-2.855813422,-3.138691821,-3.42157022,-3.704448619,-1.131513596,-3.071342573,-0.732113414,216975.7395,386181.7978
68,2006,4872.711174,01/01/1900 15:58,12.5,49.9,25,4762.3,,8.12.2022,,29,51.46239001,6.284806989,25.200516,2022-12-08T14:57:52Z,,2006,311391.6727,5704743.253,32.3975,180,0.000296353,4872.657831,5.534977532,981190.015,981190.0389,-0.023874359,981190.0419,-0.026950085,-0.003075725,-3.651382046,-2.469384985,-2.741108733,-3.012832003,-3.284555273,-3.556279021,-1.086894035,-2.818896111,-0.832485935,217367.21,386309.2218
69,2007,4873.42894,01/01/1900 16:02,12.5,49.9,24,4763,after disconnected,8.12.2022,,30,51.46363498,6.29087599,23.740845,2022-12-08T15:02:39Z,,2007,311818.3032,5704866.056,30.3825,184,0.000296353,4873.374411,6.251558121,981190.7316,981190.7706,-0.039059785,981190.7735,-0.041945889,-0.002886105,-3.440950539,-2.332469132,-2.587292579,-2.842115786,-3.096938994,-3.351762441,-1.019293308,-2.703567413,-0.737383126,217787.2312,386452.931
70,3007,4872.711174,01/01/1900 16:11,12.5,49.9,24,4762.3,,8.12.2022,,41,51.45703498,6.293671019,23.543646,2022-12-08T15:11:04Z,,3007,311985.2882,5704125.055,29.435001,193,0.000296353,4872.653978,5.531124948,981190.0111,981190.4802,-0.469063417,981190.483,-0.471859579,-0.002796162,-3.764863864,-2.690951244,-2.93782796,-3.1847042,-3.431580678,-3.678457157,-0.987505913,-2.822289015,-0.942574849,217990.5862,385721.1215
71,3008,4873.42894,01/01/1900 16:18,12.5,49.9,22,4763,,8.12.2022,,42,51.45781098,6.298980033,22.079338,2022-12-08T15:18:08Z,,3008,312357.2398,5704197.713,26.7575,200,0.000296353,4873.369669,6.24681648,981190.7268,981191.375,-0.648177274,981191.3775,-0.650722287,-0.002545013,-3.64418114,-2.667955049,-2.89237512,-3.116794714,-3.341214546,-3.565634378,-0.897679329,-2.881235702,-0.762945438,218358.4759,385812.0496
72,4002,4872.608636,01/01/1900 16:31,12.3,49.9,23,4762.2,,8.12.2022,,47,51.45201799,6.305740038,22.670425,2022-12-08T15:30:48Z,,4002,312803.0812,5703536.316,28.295,213,0.000296353,4872.545513,5.422659896,981189.9027,981190.3889,-0.486276803,981190.3916,-0.488964759,-0.002687956,-3.654432711,-2.622112212,-2.85942739,-3.096742329,-3.334057507,-3.571372685,-0.949260473,-3.132203154,-0.522229558,218836.401,385173.5056
73,4003,4872.044677,01/01/1900 16:41,12.2,49.9,25,4761.65,,8.12.2022,,48,51.44965698,6.296764025,24.90033,2022-12-08T15:41:03Z,,4003,312169.8383,5703296.794,28.6875,223,0.000296353,4871.97859,4.85573737,981189.3357,981190.0593,-0.723563976,981190.062,-0.72628794,-0.002723965,-3.935667581,-2.889026946,-3.129634208,-3.370241231,-3.610848254,-3.851455278,-0.962428331,-2.921234928,-1.014432653,218215.789,384903.0284
74,4004,4871.480718,01/01/1900 16:49,12.1,49.9,28,4761.1,,8.12.2022,,49,51.45018999,6.288440963,27.893066,2022-12-08T15:48:56Z,,4004,311593.8144,5703377.44,32.072502,231,0.000296353,4871.412261,4.289407549,981188.7694,981189.0618,-0.292353913,981189.0648,-0.295396006,-0.003042093,-3.88347201,-2.713332459,-2.982330129,-3.251327798,-3.520325229,-3.789323136,-1.075990677,-3.003931592,-0.879540419,217636.5198,384955.1365
75,4005,4870.916759,01/01/1900 16:54,12,49.9,31,4760.55,,8.12.2022,,50,51.44944299,6.283019967,30.720749,2022-12-08T15:53:24Z,,4005,311214.1299,5703308.349,33.39,236,0.000296353,4870.84682,3.723966786,981188.204,981188.5892,-0.3852442,981188.5924,-0.388410555,-0.003166355,-4.123880932,-2.905673334,-3.185721228,-3.465768883,-3.745816538,-4.025864432,-1.120191097,-3.227154258,-0.896726674,217260.7318,384867.3913
76,8023,4859.791386,01/01/1900 18:44,13,49.9,,4749.7,Base Station II (new battery,8.12.2022,,118,51.414685,6.243488984,2.53746,2022-12-08T11:58:59Z,,8023,308322.3597,5699546.503,23.7575,346,0.000296353,4859.688848,-7.434005,981177.046,981188.4917,-11.44574477,981188.494,-11.4480027,-0.002257934,-14.10584236,-13.239069,-13.43832732,-13.63758565,-13.83684374,-14.03610207,-0.797033072,-10.56696689,-3.538875473,214558.3328,380967.6699
77,3009,4865.841128,01/01/1900 10:35,12.7,50,27,4755.6,Base Station III,19.12.2022,,43,51.45478997,6.241140962,26.741566,2022-12-19T09:36:26Z,BS3,3009,308327.1238,5704011.658,32.4675,0,0.000309782,4865.841128,0,981184.48,981189.3461,-4.866102809,981189.3492,-4.869183059,-0.003080249,-8.501448268,-7.316897506,-7.589208002,-7.861518497,-8.133828992,-8.406139726,-1.08924222,-8.358084454,-0.143363814,214342.7288,385427.2817
78,4006,4866.405087,01/01/1900 10:45,12.7,50,15,4756.15,,19.12.2022,,51,51.450768,6.235714015,14.918428,2022-12-19T09:45:53Z,,4006,307933.2632,5703578.702,22.505001,9.72,0.000309782,4866.402076,0.560947914,981185.0409,981192.0653,-7.024391338,981192.0675,-7.026539589,-0.00214825,-9.544248268,-8.723171279,-8.911924646,-9.100677893,-9.289431259,-9.478184626,-0.755013347,-9.881505251,0.337256983,213970.7509,384975.4458
79,4007,4865.123362,01/01/1900 10:51,12.7,50,14,4754.9,,19.12.2022,,52,51.45061201,6.229295991,14.257325,2022-12-19T09:51:08Z,,4007,307486.7503,5703578.215,21.06,15.56,0.000309782,4865.118542,-0.722586215,981183.7574,981192.4975,-8.74007725,981192.4995,-8.742091492,-0.002014242,-11.09813928,-10.32978188,-10.50641584,-10.68304967,-10.85968351,-11.03631734,-0.706535459,-11.48526477,0.387125489,213524.8424,384952.9195
80,5004,4864.867017,01/01/1900 11:00,12.7,49.9,16,4754.65,,19.12.2022,,61,51.44567801,6.232467033,16.128979,2022-12-19T09:59:00Z,,5004,307686.3028,5703021.302,20.744999,24.31,0.000309782,4864.859486,-0.981641812,981183.4984,981192.1589,-8.660591748,981192.1609,-8.66257632,-0.001984572,-10.98338356,-10.22651866,-10.4005107,-10.5745025,-10.74849429,-10.92248645,-0.695967793,-11.09761776,0.114234198,213751.6239,384406.5801
81,5005,4863.226409,01/01/1900 11:05,12.7,49.9,15,4753.05,,19.12.2022,,62,51.44474996,6.227466976,14.714963,2022-12-19T10:05:11Z,,5005,307335.0055,5702931.263,19.1325,29.17,0.000309782,4863.217373,-2.623755355,981181.8562,981192.5746,-10.71835981,981192.5764,-10.72019537,-0.001835552,-12.86060201,-12.16256796,-12.3230357,-12.48350321,-12.64397071,-12.80443846,-0.641870499,-12.5000942,-0.360507802,213405.2273,384299.3192
82,5006,4861.63707,01/01/1900 11:13,12.6,49.9,16,4751.5,,19.12.2022,,63,51.44535103,6.220670007,14.972722,2022-12-19T10:12:31Z,,5006,306865.2995,5703015.998,18.84,36.94,0.000309782,4861.625627,-4.215501365,981180.2645,981192.718,-12.45345642,981192.7198,-12.45526472,-0.001808299,-14.56294777,-13.87558534,-14.03359987,-14.19161417,-14.34962847,-14.50764277,-0.632057428,-14.40068912,-0.16225865,212931.9508,384360.7609
83,5007,4861.021842,01/01/1900 11:24,12.6,50,16,4750.9,,19.12.2022,,64,51.446008,6.21558697,16.190699,2022-12-19T10:24:36Z,,5007,306514.9211,5703102.461,18.73,47.64,0.000309782,4861.007084,-4.834044037,981179.646,981192.8099,-13.1639673,981192.8117,-13.16576566,-0.001798359,-15.26114195,-14.57779293,-14.73488479,-14.89197641,-15.04906814,-15.20616,-0.628367066,-15.91347412,0.652332169,212577.7619,384429.8178
84,1001,4865.943666,01/01/1900 11:38,12.6,49.9,27,4755.7,next to turbine,19.12.2022,,1,51.46544396,6.234485982,27.437416,2022-12-19T10:38:17Z,,1001,307909.602,5705213.651,33.0325,61.25,0.000309782,4865.924692,0.083563823,981184.5636,981190.1126,-5.549003989,981190.1157,-5.552140624,-0.003136635,-9.247612149,-8.042447478,-8.31949702,-8.596546323,-8.873595387,-9.150644929,-1.108197451,-8.911260656,-0.336351493,213866.4114,386607.1021
85,1002,4866.302549,01/01/1900 11:43,12.5,49.9,26,4756.05,,19.12.2022,,2,51.465479,6.236757981,25.715065,2022-12-19T10:43:34Z,,1002,308067.533,5705211.586,32.9375,66.11,0.000309782,4866.282069,0.44094128,981184.9209,981190.145,-5.224038226,981190.1481,-5.22716542,-0.003127194,-8.912009102,-7.710310561,-7.986563307,-8.262815815,-8.539068085,-8.815320832,-1.105010271,-8.413249843,-0.498759259,214024.239,386612.8367
86,1003,4864.559403,01/01/1900 11:52,12.5,50,27,4754.35,next to turbine,19.12.2022,,3,51.46441198,6.231091982,26.819576,2022-12-19T10:53:18Z,,1003,307669.5577,5705107.823,34.7125,74.86,0.000309782,4864.536213,-1.304915316,981183.1751,981189.503,-6.327907283,981189.5063,-6.331202203,-0.00329492,-10.21462293,-8.948164899,-9.23930474,-9.530444581,-9.821584184,-10.11272402,-1.164559126,-9.784156979,-0.430465954,213631.904,386489.5611
87,1004,4865.841128,01/01/1900 12:08,12.5,50,19,4755.6,,19.12.2022,,4,51.464415,6.229206976,19.35178,2022-12-19T11:10:07Z,,1004,307538.6592,5705113.113,28.68,90.42,0.000309782,4865.813117,-0.028010532,981184.452,981191.3649,-6.912899395,981191.3676,-6.915625607,-0.002726212,-10.12416329,-9.07779636,-9.318340679,-9.55888476,-9.799428841,-10.03997292,-0.962176561,-10.2377137,0.113550411,213500.9148,386488.382
88,1005,4867.174122,01/01/1900 12:28,12.5,49.9,18,4756.9,,19.12.2022,,5,51.46602902,6.239920976,18.324097,2022-12-19T11:28:27Z,,1005,308289.5001,5705264.451,32.08,109.86,0.000309782,4867.140089,1.298961297,981185.779,981190.4582,-4.679210553,981190.4612,-4.682257299,-0.003046746,-8.27116836,-7.100755104,-7.369815716,-7.638876328,-7.907936701,-8.176997313,-1.076242208,-7.713076084,-0.558092276,214243.3077,386676.5915
89,1006,4867.686812,01/01/1900 12:35,12.5,49.9,21,4757.4,,19.12.2022,,6,51.46573297,6.242638975,20.941654,2022-12-19T11:34:47Z,,1006,308477.0152,5705224.421,31.6725,116.67,0.000309782,4867.65067,1.809541678,981186.2895,981190.5578,-4.268243378,981190.5608,-4.271251223,-0.003007845,-7.81457383,-6.65902788,-6.924670761,-7.190313404,-7.455956047,-7.721598929,-1.062571049,-7.207059305,-0.607514525,214432.5557,386645.8711
90,1007,4868.507116,01/01/1900 12:41,12.5,49.9,22,4758.2,,19.12.2022,,7,51.467277,6.244113017,21.83252,2022-12-19T11:40:44Z,,1007,308585.8469,5705392.237,31.265,122.5,0.000309782,4868.469168,2.628039647,981187.108,981190.8199,-3.711842157,981190.8229,-3.714812552,-0.002970395,-7.212545253,-6.071866609,-6.33409176,-6.596316673,-6.858541586,-7.120766737,-1.048900127,-6.812067525,-0.400477728,214532.961,386818.8424
91,1008,4869.429958,01/01/1900 12:46,12.5,49.9,23,4759.1,,19.12.2022,,8,51.46767698,6.247501988,24.030109,2022-12-19T11:46:07Z,,1008,308822.8648,5705427.852,32.215,127.36,0.000309782,4869.390504,3.549376104,981188.0294,981190.562,-2.532655247,981190.5651,-2.535714945,-0.003059698,-6.139728792,-4.964390047,-5.234583147,-5.50477577,-5.774968393,-6.045161493,-1.080771446,-6.188253882,0.04852509,214767.9132,386866.1131
92,1009,4870.3528,01/01/1900 12:51,12.5,49.9,30,4760,,19.12.2022,,9,51.46833999,6.251338972,30.295929,2022-12-19T11:52:20Z,,1009,309092.0886,5705491.554,35.177498,132.22,0.000309782,4870.311841,4.470712561,981188.9507,981189.7063,-0.755637155,981189.7097,-0.758976712,-0.003339557,-4.694417701,-3.410994754,-3.706034647,-4.001074539,-4.296114193,-4.591154085,-1.18015933,-5.526088898,0.831671197,215033.6432,386943.0247
93,1010,4870.762952,01/01/1900 12:56,12.5,49.9,32,4760.4,,19.12.2022,,10,51.46853797,6.25382496,32.298378,2022-12-19T11:56:10Z,,1010,309265.5491,5705507.086,36.015,137.08,0.000309782,4870.720487,4.879359018,981189.3594,981189.4654,-0.106019323,981189.4688,-0.109438683,-0.003419359,-4.13857395,-2.824595516,-3.126659697,-3.428723639,-3.730787581,-4.032851761,-1.208256245,-5.146768842,1.008194892,215206.1124,386967.1007
94,1011,4871.275642,01/01/1900 13:00,12.4,49.9,33,4760.9,,19.12.2022,,11,51.46906503,6.256367024,33.272461,2022-12-19T12:02:24Z,,1011,309444.2737,5705559.065,35.38,140.97,0.000309782,4871.231972,5.390843964,981189.8708,981189.7079,0.162965052,981189.7112,0.15960624,-0.003358812,-3.798489578,-2.507678516,-2.804416903,-3.10115505,-3.39789296,-3.694631346,-1.186952829,-4.764716096,0.966226517,215382.0395,387027.8366
95,1012,4871.89087,01/01/1900 13:03,12.4,49.9,31,4761.5,next to turbine,19.12.2022,,12,51.46960298,6.259024004,31.24332,2022-12-19T12:03:51Z,,1012,309631.0195,5705611.963,34.285,143.89,0.000309782,4871.846295,6.005167399,981190.4852,981190.0933,0.391869612,981190.0966,0.388614287,-0.003255326,-3.446979217,-2.196118288,-2.483672552,-2.771226816,-3.058780841,-3.346335344,-1.150217056,-4.396828946,0.949849729,215565.9322,387089.8865
96,1013,4872.198484,01/01/1900 13:07,12.5,49.9,32,4761.8,,19.12.2022,,13,51.47005904,6.261634966,31.766989,2022-12-19T12:07:10Z,,1013,309814.2251,5705655.883,33.872498,147.78,0.000309782,4872.152704,6.311576345,981190.7916,981190.2609,0.530710839,981190.2641,0.527493564,-0.003217274,-3.26195059,-2.026139356,-2.310234167,-2.5943285,-2.878423073,-3.162517645,-1.136378288,-4.069954262,0.808003672,215746.7327,387142.7953
97,1014,4872.762443,01/01/1900 13:10,12.4,49.9,31,4762.35,,19.12.2022,,14,51.47056597,6.263935966,31.05723,2022-12-19T12:10:48Z,,1014,309976.1148,5705706.27,32.807503,150.69,0.000309782,4872.715762,6.874633878,981191.3546,981190.6343,0.720347547,981190.6374,0.71723148,-0.003116067,-2.953067637,-1.756112195,-2.031274415,-2.306436635,-2.581598616,-2.856761075,-1.10064888,-3.800747719,0.847680082,215905.9256,387201.1105
98,1015,4873.377671,01/01/1900 13:20,12.5,49.9,31,4762.95,,19.12.2022,,15,51.47191697,6.267958023,31.210348,2022-12-19T12:19:33Z,,1015,310261.0129,5705846.046,31.56,160.42,0.000309782,4873.327976,7.486847695,981191.9668,981191.1386,0.828289745,981191.1416,0.825290685,-0.00299906,-2.7054441,-1.554002764,-1.818701985,-2.083401206,-2.348100188,-2.612799647,-1.058796883,-3.363345308,0.657901208,216183.5549,387354.7731
99,1016,4873.377671,01/01/1900 13:31,12.5,49.9,31,4762.95,,19.12.2022,,16,51.47333401,6.268625977,33.684559,2022-12-19T12:27:03Z,,1016,310313.2744,5706001.869,31.56,171.11,0.000309782,4873.324664,7.48353612,981191.9635,981191.2637,0.699855025,981191.2667,0.696855689,-0.002999337,-2.833878819,-1.682437484,-1.947136704,-2.211835925,-2.476534907,-2.741234366,-1.058796883,-3.237960849,0.40408203,216228.0551,387512.9757
100,1017,4873.94163,01/01/1900 13:38,12.5,49.9,,4763.5,,19.12.2022,,17,51.47406701,6.274273032,33.822346,2022-12-19T12:36:18Z,,1017,310708.4167,5706068.747,30.875,177.92,0.000309782,4873.886514,8.045385502,981192.5254,981191.5398,0.985591763,981191.5427,0.982656425,-0.002935339,-2.47144354,-1.344993716,-1.603948003,-1.862901813,-2.121855622,-2.380809909,-1.035816193,-2.829357121,0.357913581,216619.3863,387599.2784
101,1018,4873.685285,01/01/1900 13:43,12.4,49.9,33,4763.25,,19.12.2022,,18,51.47246397,6.276945015,32.528393,2022-12-19T12:41:35Z,,1018,310887.3128,5705883.607,31.325,182.78,0.000309782,4873.628663,7.787534959,981192.2675,981191.2594,1.008156951,981191.2624,1.00517959,-0.002977362,-2.499264304,-1.356396739,-1.619124953,-1.881853167,-2.144581381,-2.407309596,-1.050912857,-2.762845918,0.263581614,216807.1939,387423.2099
102,1019,4873.736554,01/01/1900 13:47,12.3,49.9,35,4763.3,,19.12.2022,,19,51.47285096,6.28037204,34.612572,2022-12-19T12:48:57Z,,1019,311126.8743,5705917.786,31.075,186.67,0.000309782,4873.678727,7.837598905,981192.3176,981191.3707,0.946899642,981191.3737,0.943946094,-0.002953549,-2.532529603,-1.39878274,-1.65941454,-1.920045863,-2.180677186,-2.441308747,-1.042526007,-2.614620358,0.082090755,217044.7599,387469.1737
103,1020,4874.044168,01/01/1900 13:50,12.3,49.9,33,4763.6,,19.12.2022,,20,51.47384103,6.282243971,33.339252,2022-12-19T12:54:24Z,,1020,311260.9426,5706023.038,29.95,189.58,0.000309782,4873.985439,8.144311438,981192.6243,981191.8053,0.81901613,981191.8081,0.816167838,-0.002848292,-2.534448235,-1.441746323,-1.692942231,-1.9441379,-2.195333808,-2.446529715,-1.004783392,-2.527786423,-0.006661812,217173.459,387580.9105
104,1021,4873.972391,01/01/1900 13:58,12.3,49.9,34,4763.53,,19.12.2022,,21,51.475043,6.28388104,33.623806,2022-12-19T12:59:57Z,,1021,311379.5725,5706152.459,30.6625,197.36,0.000309782,4873.911253,8.07012473,981192.5501,981191.6915,0.858576284,981191.6945,0.855660836,-0.002915447,-2.574665799,-1.455968871,-1.71314074,-1.970312371,-2.227484002,-2.484655871,-1.028687,-2.455469807,-0.119195992,217285.5461,387716.0231
105,1022,4874.197975,01/01/1900 14:03,12,49.9,33,4763.75,,19.12.2022,,22,51.47477704,6.286363006,33.179295,2022-12-19T13:04:07Z,,1022,311550.8068,5706116.495,30.4025,202.22,0.000309782,4874.135331,8.294202787,981192.7742,981191.7483,1.025901202,981191.7512,1.023010642,-0.002890559,-2.378229019,-1.269017812,-1.524009105,-1.778999921,-2.033990976,-2.288982269,-1.019964457,-2.437441688,0.05921267,217458.3365,387688.5605
106,1023,4874.608127,01/01/1900 14:08,11.9,49.9,32,4764.15,,19.12.2022,,23,51.47512799,6.288226973,31.886749,2022-12-19T13:08:52Z,,1023,311681.6747,5706150.718,29.8975,207.08,0.000309782,4874.543977,8.702849245,981193.1828,981191.9351,1.247717003,981191.938,1.24487331,-0.002843694,-2.099868675,-1.009082218,-1.259838005,-1.510593315,-1.761348863,-2.012104412,-1.003022194,-2.423577587,0.323708912,217587.3468,387729.2017
107,2008,4871.583256,01/01/1900 14:16,12.6,49.9,32,4761.2,new battery,19.12.2022,,31,51.46081497,6.270642998,33.565643,2022-12-19T13:17:25Z,,2008,310401.4201,5704604.72,33.87,214.86,0.000309782,4871.516696,5.675568137,981190.1556,981189.4454,0.710215954,981189.4486,0.707001713,-0.003214241,-3.082165572,-1.846445652,-2.130519482,-2.414592835,-2.698666426,-2.982740017,-1.136294365,-3.665235749,0.583070178,216385.0684,386121.9778
108,2009,4869.84011,01/01/1900 14:22,12.7,49.9,33,4759.5,,19.12.2022,,32,51.46094799,6.26238104,35.886124,2022-12-19T13:23:12Z,,2009,309828.1423,5704640.939,37.22,220.69,0.000309782,4869.771744,3.930616105,981188.4106,981188.4233,-0.012672108,981188.4268,-0.016203586,-0.003531478,-4.180149238,-2.822207134,-3.134377878,-3.446548384,-3.758718889,-4.070889633,-1.248682499,-4.493483922,0.313334684,215810.741,386129.8481
109,2010,4869.84011,01/01/1900 14:28,12.7,49.9,36,4759.5,,19.12.2022,,33,51.46112502,6.257084012,36.066578,2022-12-19T13:28:25Z,,2010,309460.9785,5704674.395,36.5975,226.53,0.000309782,4869.769935,3.928806975,981188.4088,981188.631,-0.22221719,981188.6345,-0.225690114,-0.003472924,-4.319993603,-2.984763014,-3.291712868,-3.598662245,-3.90561186,-4.212561476,-1.227798462,-5.159761512,0.839767909,215442.3994,386145.1346
110,2011,4868.507116,01/01/1900 14:35,12.7,49.9,33,4758.2,,19.12.2022,,34,51.45924697,6.251003025,33.384995,2022-12-19T13:34:29Z,,2011,309030.7876,5704481.431,34.61,233.33,0.000309782,4868.434834,2.593706455,981187.0737,981189.0785,-2.004814528,981189.0818,-2.008098699,-0.003284171,-5.880053185,-4.617334984,-4.907615088,-5.197895192,-5.488175057,-5.778455399,-1.161120415,-6.198376672,0.318323487,215022.2908,385931.1826
111,3010,4870.968028,01/01/1900 14:49,12.7,49.9,32,4760.6,,19.12.2022,,44,51.45469098,6.27849902,31.855587,2022-12-19T13:49:24Z,,3010,310921.7427,5703903.51,34.255,246.94,0.000309782,4870.89153,5.050402315,981189.5304,981188.7857,0.744664789,981188.789,0.741415783,-0.003249005,-3.090824961,-1.841058612,-2.128361344,-2.415663838,-2.702966571,-2.990269303,-1.149210691,-3.325923462,0.2350985,216939.3395,385447.3558
112,3011,4871.685794,01/01/1900 14:56,12.6,49.9,30,4761.3,,19.12.2022,,45,51.45539003,6.286201989,29.670126,2022-12-19T13:56:44Z,,3011,311459.704,5703961.369,32.22,253.75,0.000309782,4871.607187,5.766058696,981190.2461,981189.4755,0.770586176,981189.4785,0.767529248,-0.003056928,-2.837047176,-1.66152628,-1.931761103,-2.201995688,-2.472230272,-2.742465334,-1.080939054,-2.957509727,0.120462551,217473.755,385531.6979
113,5008,4868.507116,01/01/1900 15:06,12.6,49.9,36,4758.2,,19.12.2022,,65,51.44210103,6.277685976,36.073174,2022-12-19T14:08:20Z,,5008,310813.2124,5702505.804,37.96,263.47,0.000309782,4868.425498,2.584369611,981187.0644,981186.5305,0.533881924,981186.5341,0.530285835,-0.003596089,-3.716451862,-2.331511476,-2.649888971,-2.96826575,-3.286642768,-3.605020263,-1.273508787,-3.767817218,0.051365357,216899.9423,384046.0849
114,5009,4868.968537,01/01/1900 15:10,12.6,49.9,32 (crossed out),4758.65,,19.12.2022,,66,51.44141296,6.283024997,32.240425,2022-12-19T14:10:49Z,,5009,311181.3459,5702415.521,36.4075,267.36,0.000309782,4868.885714,3.044585557,981187.5246,981186.9488,0.575768075,981186.9523,0.572318713,-0.003449362,-3.500734725,-2.172435918,-2.477791944,-2.78314797,-3.088503995,-3.393860021,-1.221424103,-3.416804984,-0.083929742,217272.0605,383974.088
115,5010,4870.506607,01/01/1900 15:16,12.6,49.9,31,4760.15,,19.12.2022,,67,51.44444704,6.290145004,31.151287,2022-12-19T14:16:18Z,,5010,311688.561,5702734.53,33.23,273.19,0.000309782,4870.421978,4.580849525,981189.0608,981188.1974,0.863486749,981188.2005,0.860337236,-0.003149514,-2.857234973,-1.644864815,-1.923570889,-2.202276486,-2.480982083,-2.759688157,-1.114823341,-3.054590746,0.197355773,217762.8809,384317.7251
116,5011,4870.557876,01/01/1900 15:22,12.6,49.9,29,4760.2,,19.12.2022,,68,51.44240001,6.296902997,28.690506,2022-12-19T14:22:31Z,,5011,312149.7022,5702489.574,32.34,279.03,0.000309782,4870.471437,4.630309395,981189.1103,981188.2912,0.819084525,981188.2943,0.816018978,-0.003065547,-2.801985145,-1.622085929,-1.893327118,-2.164568306,-2.435809494,-2.707050682,-1.084964752,-2.975089065,0.17310392,218235.5248,384095.8438
117,5012,4870.968028,01/01/1900 15:28,12.6,49.9,28,4760.6,,19.12.2022,,69,51.44115203,6.304090982,27.533092,2022-12-19T14:28:15Z,,5012,312644.0361,5702332.402,29.68,284.86,0.000309782,4870.879783,5.038655364,981189.5187,981189.0019,0.516776179,981189.0047,0.513960857,-0.002815322,-2.806456472,-1.7236053,-1.972536708,-2.221468116,-2.470399286,-2.719330693,-0.995725393,-3.054027662,0.24757119,218736.9872,383963.2723
118,4008,4868.660923,01/01/1900 15:34,12.6,49.9,38,4758.35,on highway,19.12.2022,,53,51.44860002,6.276716022,37.89991,2022-12-19T14:35:06Z,,4008,310772.6953,5703230.897,39.315002,290.69,0.000309782,4868.570872,2.729744332,981187.2097,981186.6863,0.523436028,981186.69,0.519708564,-0.003727464,-3.878615898,-2.444239181,-2.773981136,-3.103722852,-3.433464569,-3.763206523,-1.318967342,-3.64409312,-0.234522778,216823.6863,384768.2481
119,4009,4868.712192,01/01/1900 15:42,12.6,49.9,35,4758.4,city centre,19.12.2022,,54,51.44955296,6.267502969,35.240158,2022-12-19T14:43:10Z,,4009,310136.5893,5703360.698,40.0075,298.47,0.000309782,4868.619731,2.778603224,981187.2586,981186.5568,0.701840252,981186.5606,0.698047132,-0.00379312,-3.777749687,-2.318107992,-2.653658062,-2.989207654,-3.324757247,-3.660307556,-1.342199564,-4.464294321,0.686544635,216181.9902,384866.4828
120,4010,4867.27666,01/01/1900 15:51,12.6,49.9,38,4757,city centre,19.12.2022,,55,51.44940401,6.260744976,37.926254,2022-12-19T14:51:02Z,,4010,309666.4804,5703361.684,43.165,307.22,0.000309782,4867.181489,1.340360627,981185.8204,981185.5692,0.251157107,981185.5733,0.247062064,-0.004095043,-4.581974206,-3.007133661,-3.369166074,-3.731198488,-4.093230424,-4.455263315,-1.448129654,-5.309930621,0.727956415,215712.438,384844.262
121,4011,4865.789859,01/01/1900 15:55,12.6,49.9,41,4755.55,,19.12.2022,,56,51.45013399,6.25311099,41.012478,2022-12-19T14:56:18Z,,4011,309139.1789,5703462.718,45.4475,311.11,0.000309782,4865.693483,-0.147645427,981184.3324,981184.9293,-0.596937699,981184.9336,-0.601252239,-0.00431454,-5.685637517,-4.027521653,-4.408697887,-4.78987412,-5.171049638,-5.55222611,-1.524704456,-6.430890593,0.745253076,215180.8298,384919.1373
122,4012,4866.046204,01/01/1900 16:01,12.6,49.9,33,4755.8,,19.12.2022,,57,51.45099398,6.246908968,33.176918,2022-12-19T15:00:47Z,,4012,308711.9165,5703574.519,36.35,316.94,0.000309782,4865.948022,0.106893542,981184.5869,981187.8127,-3.225836669,981187.8162,-3.229282558,-0.003445889,-7.295900737,-5.969700013,-6.274573956,-6.579447661,-6.884321128,-7.189195071,-1.219495058,-7.483186262,0.187285525,214748.6012,385009.7034
123,3009,4865.73859,01/01/1900 16:06,12.6,49.9,,4755.5,Base Station III,19.12.2022,,43,51.45478997,6.241140962,26.741566,2022-12-19T09:36:26Z,BS3,3009,308327.1238,5704011.658,32.4675,321.81,0.000309782,4865.638899,-0.202229099,981184.2778,981189.3461,-5.068331908,981189.3492,-5.071412158,-0.003080249,-8.703677367,-7.519126605,-7.791437101,-8.063747596,-8.336058091,-8.608368825,-1.08924222,-8.358084454,-0.345592913,214342.7288,385427.2817
