,Point ID,Observed Value [mGal],Time,Voltage [V],Temperature [Â°C],Altitude,Counter Reading,Remark,Date,Profile,ID,lat,lon,ele,time,cmt,name,x,y,Ele_tiff,minutes,drift factor,Corrected Value [mGal],Reading difference [mGal],abs_Grav,Elevation_corrected_normal,gravity_disturbance_Tomasz_Leo,Theo_Grav,gravity_disturbance_Andrea,gravity_disturbance_comparison,gravity_bouger_corrected,gravity_bouger_corrected1800,gravity_bouger_corrected2000,gravity_bouger_corrected2200,gravity_bouger_corrected2400,gravity_bouger_corrected2600,bouger_rho_delta,regional,residual
0,8001,4864.71321,1900-01-01 13:04:00,12.6,50.0,9,4754.5,Base Station I,6.12.2022,8.0,96,51.416290970519185,6.298264972865582,8.799789,2022-12-06T11:57:06Z,,8001,312137.2346870196,5699583.159398533,41.4175,0.0,0.0,4864.71321,0.0,981184.48,981183.1837322079,1.2962677921168506,981183.1876498479,1.292350152041763,-0.003917640075087547,-3.3411981617100537,-1.8301136051304638,-2.1774894748814404,-2.524865106213838,-2.8722407375462353,-3.219616607297212,-1.389503002166748,-2.970344157577813,-0.3708540041322408
1,8002,4865.533514,1900-01-01 13:14:00,12.6,50.0,13,4755.3,,6.12.2022,8.0,97,51.417150031775236,6.301201991736889,13.238115,2022-12-06T12:10:34Z,BASE1,8002,312344.9436765744,5699671.145612577,38.6,0.0,0.0,4865.533514,0.8203039999998509,981185.300304,981184.1291005001,1.1712034998927265,981184.1327503955,1.167553604580462,-0.0036498953122645617,-3.1507903279270977,-1.7425001801457256,-2.066245192429051,-2.389989966293797,-2.713734740158543,-3.0374799908604473,-1.2949798107147217,-2.910675207539782,-0.24011512038731553
2,8003,4866.2512799999995,1900-01-01 13:22:00,12.5,50.0,16,4756.0,,6.12.2022,8.0,98,51.41784899868071,6.303712958469987,15.555175,2022-12-06T12:20:06Z,,8003,312522.3706512597,5699742.430451211,37.055,0.0,0.0,4866.2512799999995,1.5380699999996068,981186.01807,981184.6676316308,1.3504383692052215,981184.671135219,1.3469347809441388,-0.0035035882610827684,-2.798563705990091,-1.4466416707728058,-1.757428633281961,-2.068215118953958,-2.3790018430445343,-2.6897885671351105,-1.2431468963623047,-2.890922030471586,0.09235832448149495
3,8004,4866.456356,1900-01-01 13:32:00,12.5,50.0,18,4756.2,,6.12.2022,8.0,99,51.417407020926476,6.305652027949691,17.087118,2022-12-06T12:28:22Z,,8004,312655.36776750605,5699688.328451052,35.9175,0.0,0.0,4866.456356,1.743145999999797,981186.223146,981184.9796210155,1.2435249844565988,981184.9830174856,1.2401285143569112,-0.0033964700996875763,-2.7781129321083426,-1.46769146528095,-1.7689378699287772,-2.0701840361580253,-2.3714302023872733,-2.6726766070351005,-1.2049851417541504,-2.882718498972565,0.10460556686422251
4,8005,4867.174121999999,1900-01-01 13:41:00,12.6,50.0,18,4756.9,Changing voltage,6.12.2022,8.0,100,51.417749002575874,6.310514034703374,17.734779,2022-12-06T12:39:01Z,,8005,312994.7761486295,5699713.9282217175,32.12,0.0,0.0,4867.174121999999,2.460911999999553,981186.940912,981186.1817389486,0.7591730514541268,981186.1847782275,0.7561337725492194,-0.0030392789049074054,-2.8372632106766105,-1.6653905948624015,-1.93478689994663,-2.2041827281937003,-2.4735785564407706,-2.742974861524999,-1.0775842666625977,-2.9460295018882903,0.1087662912116798
5,8006,4868.404578000001,1900-01-01 13:53:00,12.5,49.9,17,4758.1,,6.12.2022,8.0,101,51.41806298866868,6.315432032570243,17.373825,2022-12-06T12:53:01Z,,8006,313337.9582025221,5699736.295166976,28.8525,0.0,0.0,4868.404578000001,3.6913680000006934,981188.171368,981187.2178257678,0.9535422321641818,981187.2205585835,0.9508094164775684,-0.0027328156866133213,-2.277036428800784,-1.2243759635603055,-1.4663670066511258,-1.708357811323367,-1.9503486159956083,-2.1923396590864286,-0.967963695526123,-3.108472585715674,0.83143615691489
6,8007,4868.712192,1900-01-01 14:03:00,12.5,49.9,20,4758.4,,6.12.2022,8.0,102,51.419294038787484,6.316582029685378,19.79159,2022-12-06T13:02:03Z,,8007,313422.921112663,5699870.239365294,28.2375,0.0,0.0,4868.712192,3.998982000000069,981188.478982,981187.5163615984,0.96262040163856,981187.5190369964,0.9599450036184862,-0.0026753980200737715,-2.199097251635976,-1.1688745972933248,-1.4057074544252828,-1.6425403115572408,-1.8793729302706197,-2.1162057874025777,-0.9473311901092529,-3.190610436061718,0.9915131844257417
7,8008,4863.995444,1900-01-01 14:46:00,12.4,49.9,38,4753.8,Next to windmill,6.12.2022,8.0,103,51.414916003122926,6.294203018769622,38.460358,2022-12-06T13:45:40Z,,8008,311849.1891861264,5699440.70956492,43.607502,0.0,0.0,4863.995444,-0.7177659999997559,981183.762234,981182.3864355013,1.3757984987460077,981182.3905614883,1.3716725116828457,-0.004125987063162029,-3.506879056338221,-1.9158942350186408,-2.281638110522181,-2.6473815091885626,-3.0131251462735236,-3.3788692601956427,-1.462975025177002,-3.1185519843505176,-0.3883270719877032
8,8009,4863.277678,1900-01-01 14:59:00,12.4,49.9,42,4753.1,,6.12.2022,8.0,104,51.41503703780472,6.288583036512136,41.980202,2022-12-06T13:58:01Z,,8009,311458.9598395291,5699468.616192252,45.06,0.0,0.0,4863.277678,-1.4355319999995118,981183.044468,981181.9488862974,1.095581702538766,981181.9531511688,1.0913168311817572,-0.004264871357008815,-3.9497307020938024,-2.305752344778739,-2.6836784560000524,-3.0616043288027868,-3.439530201605521,-3.8174565512454137,-1.5117042064666748,-3.4400713928419577,-0.5096593092518447
9,8010,4862.867526,1900-01-01 15:03:00,12.5,49.9,40,4752.7,,6.12.2022,8.0,105,51.41404101625085,6.284112967550755,40.490585,2022-12-06T14:03:49Z,,8010,311144.07445233356,5699369.388898218,45.365,0.0,0.0,4862.867526,-1.845683999999892,981182.6343159999,981181.7667759968,0.8675400031497702,981181.7710695273,0.863246472668834,-0.00429353048093617,-4.211923001916148,-2.556816695840098,-2.937301038415171,-3.3177851425716653,-3.6982692467281595,-4.078753350884654,-1.5219366550445557,-3.7964778751277777,-0.4154451267883701
10,8011,4863.226409,1900-01-01 15:14:00,12.4,49.9,38,4753.05,,6.12.2022,8.0,106,51.412463039159775,6.279469979926944,38.049664,2022-12-06T14:13:36Z,,8011,310814.7499675533,5699205.923248144,43.8125,0.0,0.0,4863.226409,-1.486801000000014,981182.993199,981182.1064790734,0.8867199266096577,981182.1106243846,0.8825746154179797,-0.004145311191678047,-4.018911138758995,-2.4204468881944194,-2.78791023849044,-3.1553733503678814,-3.5228359854081646,-3.890299097285606,-1.4698522090911865,-4.2701931698623525,0.2512820311033579
11,8012,4862.867526,1900-01-01 15:23:00,12.4,49.9,37,4752.7,,6.12.2022,8.0,107,51.413004007190466,6.275613969191909,37.158432,2022-12-06T14:23:20Z,,8012,310548.8855291629,5699276.035238479,44.595,0.0,0.0,4862.867526,-1.845683999999892,981182.6343159999,981181.9127883745,0.7215276254573837,981181.9170086938,0.7173073061276227,-0.004220319329760969,-4.271719406708144,-2.644705961807631,-3.01873226033058,-3.3927583204349503,-3.7667841421207413,-4.1408104406436905,-1.4961044788360596,-4.702665461497702,0.4309460547895583
12,8013,4862.098491,1900-01-01 15:33:00,12.4,49.9,39,4751.95,Next to greenhouse,6.12.2022,8.0,108,51.41311598941684,6.266669975593686,39.282234,2022-12-06T14:33:39Z,,8013,309927.49811503594,5699311.6541184,45.9,0.0,0.0,4862.098491,-2.61471900000015,981181.865281,981181.5199585125,0.34532248752657324,981181.5243031419,0.34097785816993564,-0.004344629356637597,-4.7940436623757705,-3.119418504065834,-3.5043901227181777,-3.889361026114784,-4.27433216792997,-4.6593037865823135,-1.5398852825164795,-5.949376857644268,1.155333195268497
13,8014,4862.4573740000005,1900-01-01 15:40:00,12.4,49.9,38,4752.3,,6.12.2022,8.0,109,51.41342503018677,6.270184004679322,38.365517,2022-12-06T14:39:46Z,,8014,310173.09908841667,5699336.902709478,45.495003,0.0,0.0,4862.4573740000005,-2.2558359999993627,981182.224164,981181.6722409737,0.5519230263307691,981181.6765476217,0.5476163782877848,-0.004306648042984307,-4.5420959098264575,-2.8822467429563403,-3.263821612112224,-3.6453960044309497,-4.026970158331096,-4.408544789068401,-1.5262980461120605,-5.412314675553091,0.8702187657266336
14,8015,4860.919304,1900-01-01 15:56:00,12.4,49.9,41,4750.8,After wire disconected,6.12.2022,8.0,110,51.41281600110233,6.260078027844429,40.657936,2022-12-06T14:56:01Z,,8015,309467.9316273526,5699295.424621686,48.415,0.0,0.0,4860.919304,-3.793905999999879,981180.686094,981180.7173287914,-0.031234791385941207,981180.7219147667,-0.03582076670136303,-0.00458597531542182,-5.452202370273881,-3.685819437610917,-4.091884663212113,-4.49794965039473,-4.9040146375773475,-5.310079624759965,-1.6242601871490479,-7.0845495997139665,1.6323472294400858
15,8016,4860.406614,1900-01-01 16:06:00,12.3,49.9,38,4750.3,,6.12.2022,8.0,111,51.41277199611068,6.256717974320054,38.307945,2022-12-06T15:05:36Z,,8016,309234.1324003417,5699299.276493625,48.7325,0.0,0.0,4860.406614,-4.306595999999445,981180.173404,981180.6154618418,-0.4420578418066725,981180.6200782025,-0.44667420245241374,-0.004616360645741224,-5.8985750613501295,-4.120608562021516,-4.529336684732698,-4.938064330606721,-5.346792453317903,-5.755520576029085,-1.6349120140075684,-7.726418745275907,1.827843683925778
16,8017,4859.5145334,1900-01-01 16:17:00,12.4,49.9,39,4749.43,lamas,6.12.2022,8.0,112,51.413155971094966,6.253022979944944,39.201378,2022-12-06T15:12:30Z,,8017,308978.8298919033,5699351.59668403,47.775,0.0,0.0,4859.5145334,-5.198676599999999,981179.2813234,981180.9448648085,-1.663541408488527,981180.9493900712,-1.6680666712345555,-0.004525262746028602,-7.012848945567384,-5.26981601328589,-5.670513244578615,-6.071210475871339,-6.471907707164064,-6.872604938456789,-1.6027889251708984,-8.463522890154593,1.4506739445872086
17,8018,4860.816766,1900-01-01 16:29:00,12.3,49.9,27,4750.7,,6.12.2022,8.0,113,51.4139000326395,6.248782994225621,27.225372,2022-12-06T15:26:14Z,,8018,308687.1445416792,5699445.3885567365,32.6375,0.0,0.0,4860.816766,-3.896443999999974,981180.583556,981185.6820283281,-5.09847232804168,981185.6851145894,-5.101558589376509,-0.0030862613348290324,-8.752852649544366,-7.562099428032525,-7.835835904930718,-8.109572143410333,-8.383308620308526,-8.65704509720672,-1.0949456691741943,-9.355519603276946,0.6026669537325802
18,8001,4864.71321,1900-01-01 16:52:00,12.3,49.9,9,4754.5,Base Station I,6.12.2022,8.0,96,51.416290970519185,6.298264972865582,8.799789,2022-12-06T11:57:06Z,,8001,312137.2346870196,5699583.159398533,41.4175,0.0,0.0,4864.71321,0.0,981184.48,981183.1837322079,1.2962677921168506,981183.1876498479,1.292350152041763,-0.003917640075087547,-3.3411981617100537,-1.8301136051304638,-2.1774894748814404,-2.524865106213838,-2.8722407375462353,-3.219616607297212,-1.389503002166748,-2.970344157577813,-0.3708540041322408
19,8001,4864.71321,1900-01-01 11:47:00,12.5,49.9,,4754.5,Base Station I*,7.12.2022,8.0,96,51.416290970519185,6.298264972865582,8.799789,2022-12-06T11:57:06Z,,8001,312137.2346870196,5699583.159398533,41.4175,0.0,0.0,4864.71321,0.0,981184.48,981183.1837322079,1.2962677921168506,981183.1876498479,1.292350152041763,-0.003917640075087547,-3.3411981617100537,-1.8301136051304638,-2.1774894748814404,-2.524865106213838,-2.8722407375462353,-3.219616607297212,-1.389503002166748,-2.970344157577813,-0.3708540041322408
20,8019,4858.099509,1900-01-01 12:04:00,12.5,50.0,16,4748.05,,7.12.2022,,114,51.41449397429824,6.238276027143002,15.958936,2022-12-07T11:03:51Z,,8019,307959.1311902375,5699538.917272194,21.845001,0.0,0.0,4858.099509,-6.613701000000219,981177.866299,981189.0650620525,-11.198763052467257,981189.0671429909,-11.200843990896828,-0.002080938429571688,-13.644720713142306,-12.847723165992647,-13.030941049102694,-13.21415893221274,-13.397376696113497,-13.580594460014254,-0.7328712940216064,-11.922281172396936,-1.7224395407453699
21,8020,4857.02286,1900-01-01 12:22:00,12.5,50.0,15,4747.0,,7.12.2022,,115,51.41557197086513,6.230095038190484,15.035666,2022-12-07T11:18:02Z,,8020,307394.8840768928,5699680.2509221705,20.3675,0.0,0.0,4857.02286,-7.690349999999853,981176.7896499999,981189.6162471381,-12.826597138191573,981189.6181922262,-12.828542226227,-0.001945088035427034,-15.10712091519963,-14.364028735901229,-14.534854574943893,-14.705680294777267,-14.87650601461064,-15.047331972862594,-0.6833032369613647,-14.166162475399062,-0.9409584398005677
22,8021,4856.253825,1900-01-01 12:37:00,12.5,49.9,15,4746.25,,7.12.2022,,116,51.41664502210915,6.218759017065167,15.369341,2022-12-07T11:34:57Z,,8021,306611.30240640114,5699829.4227748625,20.119999,0.0,0.0,4856.253825,-8.459385000000111,981176.0206149999,981189.7874169293,-13.766801929334179,981189.7893394597,-13.768724459805526,-0.0019225304713472724,-16.019613122800365,-15.285551047185436,-15.454301094869152,-15.623050904134288,-15.791800832608715,-15.96055088029243,-0.6749998331069946,-17.715821585655533,1.696208462855168
23,8022,4856.663976999999,1900-01-01 12:44:00,12.5,49.9,16,4746.65,off point,7.12.2022,,117,51.419169986620545,6.216568993404508,15.773939,2022-12-07T11:44:10Z,,8022,306469.71897540695,5700115.939155363,19.605,0.0,0.0,4856.663976999999,-8.04923300000064,981176.430767,981190.1693924392,-13.738625439233147,981190.1712678642,-13.740500864223577,-0.0018754249904304743,-15.933772953576408,-15.218500050134026,-15.382930668420158,-15.547361167497002,-15.711791666573845,-15.876222284859978,-0.6577222347259521,-18.240730631784857,2.306957678208448
24,7001,4858.56093,1900-01-01 12:57:00,12.5,49.9,6,4748.5,,7.12.2022,,82,51.42977301031351,6.224466003477573,6.034142,2022-12-07T11:53:43Z,,7001,307063.3786776266,5701273.979247805,18.8225,0.0,0.0,4858.56093,-6.152280000000246,981178.32772,981191.3474583031,-13.019738303148188,981191.3492630902,-13.021543090231717,-0.001804787083528936,-15.127270327531733,-14.440546260797419,-14.598413930856623,-14.756281481706537,-14.914149032556452,-15.072016583406366,-0.6314703226089478,-14.699480637247063,-0.4277896902846692
25,6001,4859.893924,1900-01-01 13:02:00,12.5,49.9,9,4749.8,,7.12.2022,,70,51.43771301954985,6.221610959619284,8.722583,2022-12-07T12:02:36Z,,6001,306898.44739362085,5702164.298422308,18.73,0.0,0.0,4859.893924,-4.81928599999992,981179.660714,981192.0773103604,-12.416596360388212,981192.0791075967,-12.418393596657552,-0.001797236269339919,-14.513771004858427,-13.830421991529875,-13.987513847532682,-14.14460546511691,-14.301697201910429,-14.458789057913236,-0.6283670663833618,-14.84863041822365,0.33485941336522274
26,6002,4859.483772,1900-01-01 13:11:00,12.5,49.9,10,4749.4,,7.12.2022,,71,51.43799398094416,6.216932013630867,9.544105,2022-12-07T12:10:49Z,,6002,306574.4990105786,5702207.884960849,18.65,0.0,0.0,4859.483772,-5.2294380000003,981179.250562,981192.1268134172,-12.876251417212188,981192.1286035124,-12.878041512449272,-0.001790095237083733,-14.964468675665557,-14.284038263373077,-14.440459090285003,-14.59687991719693,-14.753300624899566,-14.909721571020782,-0.6256833076477051,-16.297533877115086,1.3330652014495286
27,7002,4858.458392,1900-01-01 13:26:00,12.5,49.9,11,4748.4,,7.12.2022,,83,51.432722015306354,6.214348040521145,10.555664,2022-12-07T12:26:04Z,,7002,306372.64186881174,5701628.5610700175,19.2125,0.0,0.0,4858.458392,-6.254818000000341,981178.225182,981191.4875823694,-13.262400369392708,981191.489423353,-13.264241353026591,-0.0018409836338832974,-15.4135999486316,-14.712647299515083,-14.873785953270271,-15.03492448781617,-15.196063022362068,-15.357201556907967,-0.6445542573928833,-17.687135531721026,2.2735355830894264
28,6003,4861.3294559999995,1900-01-01 13:55:00,12.5,49.9,13,4751.2,,7.12.2022,,72,51.43830000422895,6.228515971451998,19.260426,2022-12-07T12:55:20Z,,6003,307380.7414272146,5702211.375927958,19.89,0.0,0.0,4861.3294559999995,-3.3837540000004083,981181.096246,981191.7711784537,-10.674932453664951,981191.7730827263,-10.676836726255715,-0.001904272590763867,-12.901990864309482,-12.176320169004612,-12.343141052755527,-12.509961936506443,-12.676782820257358,-12.843603823217563,-0.6672836542129517,-12.776836304264464,-0.12515456004501857
29,6004,4864.559403,1900-01-01 14:04:00,12.5,49.9,20,4754.35,,7.12.2022,,73,51.4386910200119,6.235849969089031,20.35931,2022-12-07T13:03:19Z,,6004,307892.0103685494,5702235.58494839,19.275,0.0,0.0,4864.559403,-0.15380699999968783,981184.326193,981191.9955026973,-7.669309697346762,981191.9973503946,-7.671157394652255,-0.0018476973054930568,-9.827507338719442,-9.124274454312399,-9.285937271313742,-9.447599969105795,-9.609262666897848,-9.77092560310848,-0.6466511487960815,-10.81149752732864,0.983990188609198
30,6005,4864.815748,1900-01-01 14:14:00,12.5,49.9,27,4754.6,,7.12.2022,,74,51.43598198890686,6.241429969668388,26.55851,2022-12-07T13:13:32Z,,6005,308268.40477542166,5701919.761840659,24.1675,0.0,0.0,4864.815748,0.10253800000009505,981184.582538,981190.2464068795,-5.663868879550137,981190.2487070605,-5.666169060510583,-0.002300180960446596,-8.369873737567104,-7.488141750567593,-7.690838789218105,-7.893535827868618,-8.09623286651913,-8.298929905169643,-0.8107881546020508,-9.675158197679878,1.305284460112773
31,7003,4863.585292,1900-01-01 14:31:00,12.5,49.9,25,4753.4,,7.12.2022,,84,51.429031966254115,6.243056980893016,27.100092,2022-12-07T13:30:53Z,,7003,308352.3750157397,5701142.776019505,24.925,0.0,0.0,4863.585292,-1.127918000000136,981183.352082,981189.3987717455,-6.046689745504409,981189.4011407956,-6.049058795557357,-0.002369050052948296,-8.837510820943862,-7.928142186719924,-8.137192484457046,-8.346242662984878,-8.555293079931289,-8.7643434968777,-0.8362013101577759,-9.770131727950968,0.9326209070071059
32,7004,4861.739608,1900-01-01 14:40:00,12.5,49.9,23,4751.6,,7.12.2022,,85,51.429070020094514,6.237212028354406,23.264114,2022-12-07T13:39:45Z,,7004,307946.29538356164,5701162.3178516505,19.0525,0.0,0.0,4861.739608,-2.973602000000028,981181.5063979999,981191.214386473,-9.707988473004662,981191.2162121473,-9.709814147325233,-0.0018256743205711246,-11.841273280209862,-11.14615783316549,-11.305954547948204,-11.46575114352163,-11.625547739095055,-11.78534433466848,-0.6391865015029907,-11.190156516540185,-0.6511167636696769
33,7005,4859.176158,1900-01-01 14:54:00,12.5,49.9,21,4749.1,,7.12.2022,,86,51.429266994819045,6.230740780010819,,2023-01-03T15:45:04Z,,7005,307497.35606348887,5701201.207442066,18.6225,0.0,0.0,4859.176158,-5.537051999999676,981178.942948,981191.3644830683,-12.421535068308003,981191.3662692277,-12.423321227659471,-0.0017861593514680862,-14.506673150812276,-13.827246123109944,-13.98343628004659,-14.139626436983235,-14.295816474710591,-14.452006631647237,-0.6247605085372925,-12.90703717099069,-1.599635979821585
34,7006,4862.918795,1900-01-01 15:13:00,12.5,49.9,43,4752.75,,7.12.2022,,87,51.42929297871888,6.251668967306614,43.417133,2022-12-07T14:12:48Z,,7006,308952.02025149006,5701149.296319582,43.7675,0.0,0.0,4862.918795,-1.7944150000002992,981182.685585,981183.6070297334,-0.9214447333943099,981183.6111762652,-0.9255912652006373,-0.004146531806327403,-5.822037537349388,-4.225215037120506,-4.59230073238723,-4.959386189235374,-5.326471646083519,-5.693557579768822,-1.4683425426483154,-7.905776543114655,2.083739005765267
35,7007,4863.636560999999,1900-01-01 15:24:00,12.4,49.9,43,4753.45,,7.12.2022,,88,51.429222989827394,6.257463041692972,43.238091,2022-12-07T14:24:39Z,,7007,309354.4306982162,5701126.416567899,45.1125,0.0,0.0,4863.636560999999,-1.0766490000005433,981183.4033509999,981183.1857819394,0.21756906050723046,981183.1900568028,0.21329419710673392,-0.0042748634004965425,-4.833621315774508,-3.1877277420135215,-3.5660942123504356,-3.9444606826873496,-4.3228266761871055,-4.7011931465240195,-1.513465404510498,-6.8315659456796425,1.9979446299051347
36,7008,4865.430976,1900-01-01 15:33:00,12.4,49.9,42,4755.2,,7.12.2022,,89,51.4285940118134,6.273206016048789,41.586502,2022-12-07T14:32:28Z,,7008,310446.0044884642,5701015.622470294,41.63,0.0,0.0,4865.430976,0.7177659999997559,981185.1977659999,981184.2049243705,0.9928416294278577,981184.2088656197,0.9889003802090883,-0.0039412492187693715,-3.6684180217562243,-2.149580331402831,-2.4987386184511706,-2.8478964286623523,-3.197054477292113,-3.546212764340453,-1.396632432937622,-4.59197872939086,0.9235607076346355
37,7009,4864.508134,1900-01-01 15:40:00,12.4,49.9,43,4754.3,,7.12.2022,,90,51.42803502269089,6.26721597276628,43.085709,2022-12-07T14:39:55Z,,7009,310027.35535581363,5700968.991728309,44.0325,0.0,0.0,4864.508134,-0.2050760000001901,981184.274924,981183.4141370537,0.8607869463739917,981183.4183082293,0.856615770724602,-0.004171175649389625,-4.069477526587434,-2.4629866761388257,-2.832295147818513,-3.2016033810796216,-3.570911375922151,-3.9402198476018384,-1.4772331714630127,-5.360444926694356,1.290967400106922
38,7010,4865.687320999999,1900-01-01 15:48:00,12.4,49.9,41,4755.45,,7.12.2022,,91,51.42831698991358,6.281920010223985,40.74464,2022-12-07T14:48:37Z,,7010,311050.5163188977,5700962.305468877,42.44,0.0,0.0,4865.687320999999,0.9741109999995388,981185.4541109999,981183.9304895613,1.5236214386532083,981183.934508425,1.519602574990131,-0.004018863663077354,-3.22833216318395,-1.6799427283694968,-2.0358947528293356,-2.391846062033437,-2.747797609656118,-3.1037493956973776,-1.4238066673278809,-3.762581680473261,0.5342495172893109
39,7011,4866.76397,1900-01-01 15:54:00,12.4,49.9,32,4756.5,,7.12.2022,,92,51.42874203622341,6.29095695912838,37.24287,2022-12-07T14:54:12Z,,7011,311680.37105556147,5700986.289072085,39.5175,0.0,0.0,4866.76397,2.050760000000082,981186.53076,981184.8699157406,1.660844259429723,981184.8736567185,1.657103281468153,-0.0037409779615700245,-2.7638812731020153,-1.3221166799776256,-1.6535568903200328,-1.98499710066244,-2.316437072586268,-2.6478772829286754,-1.3257606029510498,-3.207994927456923,0.4441136543549078
40,7012,4867.943157,1900-01-01 16:00:00,12.4,49.9,32,4757.65,,7.12.2022,,93,51.42891503870487,6.294554974883795,36.211876,2022-12-07T15:00:55Z,,7012,311931.1570909634,5700996.279098794,35.850002,0.0,0.0,4867.943157,3.229946999999811,981187.709947,981186.0169879931,1.6929590068757534,981186.020380634,1.6895663660252467,-0.003392640850506723,-2.3211210407316685,-1.013162437826395,-1.313842598348856,-1.614522758871317,-1.9152029193937778,-2.215883318334818,-1.2027208805084229,-3.079682615390368,0.7585615746586996
41,7013,4865.73859,1900-01-01 16:06:00,12.4,49.9,33,4755.5,,7.12.2022,,94,51.42774903215468,6.302826991304755,32.695469,2022-12-07T15:07:09Z,,7013,312501.3163434467,5700845.428728702,31.862501,0.0,0.0,4865.73859,1.025380000000041,981185.50538,981187.1445375722,-1.6391575721791014,981187.147554903,-1.6421749029541388,-0.003017330775037408,-5.206762113957666,-4.044284143834375,-4.311520615010522,-4.578756847768091,-4.845993080525659,-5.1132295517018065,-1.0689454078674316,-2.9753823428557666,-2.2313797711018992
42,7014,4870.250262,1900-01-01 16:19:00,12.4,49.9,31,4759.9,,7.12.2022,,95,51.426688972860575,6.308012036606669,30.870302,2022-12-07T15:18:32Z,,7014,312857.37218996044,5700714.30559249,29.195,0.0,0.0,4870.250262,5.537051999999676,981190.0170519999,981187.874094049,2.1429579509422183,981187.8768604279,2.1401915720198303,-0.0027663789223879576,-1.1259698616340756,-0.06081340182572603,-0.30567715037614107,-0.550540660507977,-0.795404170639813,-1.0402676807716489,-0.9794542789459229,-3.031964096045442,1.9059942344113665
43,6006,4869.635034,1900-01-01 16:33:00,12.3,49.9,30,4759.3,,7.12.2022,,75,51.436938028782606,6.293432973325253,30.380161,2022-12-07T15:32:32Z,,6006,311886.14572885865,5701891.192711015,33.1175,0.0,0.0,4869.635034,4.921824000000015,981189.401824,981187.5688773748,1.8329466251889244,981187.5720150775,1.829808922484517,-0.0031377027044072747,-1.8751787276705727,-0.6669129462679848,-0.9446753592928872,-1.2224375338992104,-1.5001997085055336,-1.777962121530436,-1.1110491752624512,-3.058848837660946,1.1836701099903735
44,6007,4869.122344,1900-01-01 16:38:00,12.4,49.9,31,4758.8,,7.12.2022,,76,51.43699401989579,6.287091979756951,30.644968,2022-12-07T15:37:44Z,,6007,311445.73308895295,5701913.725288639,34.5325,0.0,0.0,4869.122344,4.409134000000449,981188.8891339999,981187.1371543034,1.7519796965643764,981187.1404245549,1.7487094450043514,-0.003270251560024917,-2.114581477828324,-0.8546906830742955,-1.1443208577111363,-1.433950793929398,-1.7235809685662389,-2.0132111432030797,-1.1585204601287842,-3.2834816296029317,1.1689001517746078
45,6008,4867.430466999999,1900-01-01 16:48:00,12.4,49.9,36,4757.15,,7.12.2022,,77,51.43617996945977,6.27830196171999,36.403309,2022-12-07T15:48:04Z,,6008,310831.54137669853,5701845.884330042,40.13,0.0,0.0,4867.430466999999,2.7172569999993357,981187.197257,981185.337865062,1.8593919379636645,981185.3416665305,1.8555904695531353,-0.0038014684105291963,-2.63391422200948,-1.169803132303059,-1.5063805477693677,-1.8429577248170972,-2.179535140283406,-2.5161125557497144,-1.3463094234466553,-3.8800588692914175,1.2461446472819375
46,6009,4867.122853,1900-01-01 16:59:00,12.3,49.9,31,4756.85,,7.12.2022,,78,51.43578400835395,6.274228021502495,38.60429,2022-12-07T15:56:26Z,,6009,310546.795504458,5701812.390999033,39.915,0.0,0.0002963526011563441,4867.122853,0.0,981184.48,981185.3692411961,-0.8892411960987374,981185.3730221024,-0.8930221024202183,-0.0037809063214808702,-5.358474232139997,-3.9022071136860177,-4.236981369438581,-4.5717553867725655,-4.90652940410655,-5.241303421440534,-1.3390963077545166,-4.266563765975036,-1.0919104661649612
47,6010,4865.892397,1900-01-01 17:05:00,12.4,49.9,43,4755.65,,7.12.2022,,79,51.43617804162204,6.278307996690273,43.109257,2022-12-07T16:05:12Z,,6010,310831.9527926906,5701845.654396037,40.13,0.0,0.0002963526011563441,4865.892397,-1.2304560000002311,981183.249544,981185.3376947881,-2.0881507880985737,981185.3414962562,-2.091952256159857,-0.0038014680612832308,-6.581456948071718,-5.117345858365297,-5.453923273831606,-5.790500450879335,-6.127077866345644,-6.463655281811953,-1.3463094234466553,-3.8796032858456897,-2.7018536622260285
48,8001,4864.71321,1900-01-01 18:23:00,12.4,49.9,,4754.5,Base Station I*,7.12.2022,,96,51.416290970519185,6.298264972865582,8.799789,2022-12-06T11:57:06Z,,8001,312137.2346870196,5699583.159398533,41.4175,0.0,0.0002963526011563441,4864.71321,-2.40964299999996,981182.070357,981183.1837322079,-1.113375207874924,981183.1876498479,-1.1172928479500115,-0.003917640075087547,-5.750841161701828,-4.239756605122238,-4.587132474873215,-4.934508106205612,-5.28188373753801,-5.6292596072889864,-1.389503002166748,-2.970344157577813,-2.7804970041240153
49,8023,4859.893924,1900-01-01 12:58:00,12.7,50.0,3,4749.8,Base Station II,8.12.2022,,118,51.41468499787152,6.243488984182477,2.53746,2022-12-08T11:58:59Z,,8023,308322.35969827947,5699546.502641427,23.7575,0.0,0.0002963526011563441,4859.893924,-7.22892899999988,981177.251071,981188.4917397653,-11.24066876526922,981188.4939976997,-11.242926699691452,-0.0022579344222322106,-13.900766364298761,-13.03399299737066,-13.233251324854791,-13.432509652338922,-13.631767741404474,-13.831026068888605,-0.7970330715179443,-10.5669668910935,-3.3337994732052607
50,8024,4857.689356999999,1900-01-01 13:04:00,12.7,50.0,1,4747.65,,8.12.2022,,119,51.41520199365914,6.234026988968253,1.024955,2022-12-08T12:04:17Z,,8024,307666.6913095665,5699628.784719695,19.42,6.0,0.0002963526011563441,4857.687578884393,-9.435274115607172,981175.0447258843,981189.8759629172,-14.831237032893114,981189.8778203231,-14.833094438770786,-0.0018574058776721358,-17.005670264246874,-16.297146990778856,-16.460025980952196,-16.622904851916246,-16.785783722880296,-16.948662713053636,-0.6515157222747803,-13.046737944512017,-3.9589323197348563
51,6011,4864.303058,1900-01-01 13:13:00,12.7,50.0,33,4754.1,,8.12.2022,,80,51.436036974191666,6.256440030410886,34.492325,2022-12-08T12:13:25Z,,6011,309311.7148991615,5701886.684056351,45.7275,15.0,0.0002963526011563441,4864.298612710983,-2.8242402890164158,981181.6557597109,981183.5978467691,-1.9420870582107455,981183.6021832317,-1.9464235207997262,-0.004336462588980794,-7.062138442182913,-5.3938070575241,-5.777331713819876,-6.160856131697074,-6.544380549574271,-6.927904967451468,-1.5340979099273682,-6.665807434278861,-0.3963310079040525
52,6012,4864.610672,1900-01-01 13:23:00,12.7,49.9,32,4754.4,,8.12.2022,,81,51.43662203103304,6.250089984387159,30.669586,2022-12-08T12:23:00Z,,6012,308872.8798998174,5701968.286635239,38.7925,25.0,0.0002963526011563441,4864.603263184971,-2.5195898150286666,981181.9604101849,981185.789662716,-3.8292525310534984,981185.7933370206,-3.8329268356319517,-0.0036743045784533024,-8.17280035209842,-6.757486869813874,-7.082846452714875,-7.408205797197297,-7.733565141679719,-8.0589249629993,-1.3014380931854248,-7.7935167475746425,-0.37928360452377774
53,5001,4865.020824,1900-01-01 13:33:00,12.6,49.9,30,4754.8,,8.12.2022,,58,51.44284802488983,6.25520302914083,45.654312,2022-12-08T12:32:40Z,,5001,309254.1423912202,5702647.1841587005,46.7775,35.0,0.0002963526011563441,4865.01045165896,-2.112401341039913,981182.3675986589,981183.8753802546,-1.507781595690176,981183.8798201263,-1.5122214674483985,-0.00443987175822258,-6.7454000420402735,-5.038760275347158,-5.431091398699209,-5.82342252205126,-6.2157531685661525,-6.608084291918203,-1.569324016571045,-6.507112362925284,-0.23828767911498971
54,5002,4865.020824,1900-01-01 13:39:00,12.6,49.9,40,4754.8,,8.12.2022,,59,51.44330098293722,6.248336993157864,40.125847,2022-12-08T12:38:44Z,,5002,308778.97116603795,5702715.453449129,39.9225,41.0,0.0002963526011563441,4865.008673543352,-2.1141794566474346,981182.3658205434,981186.0308388503,-3.665018306928687,981186.0346219179,-3.6688013745006174,-0.0037830675719305873,-8.135091053205542,-6.678550468641333,-7.0133874284802005,-7.348224388319068,-7.683061348157935,-8.017898307996802,-1.3393478393554688,-7.720039119748719,-0.415051933456823
55,5003,4865.841128,1900-01-01 13:47:00,12.7,49.9,29,4755.6,,8.12.2022,,60,51.4432050101459,6.242180988192558,29.303057,2022-12-08T12:46:57Z,,5003,308350.84412138775,5702720.876736427,27.3675,49.0,0.0002963526011563441,4865.826606722543,-1.296246277456703,981183.1837537226,981189.8968352438,-6.713081521214917,981189.8994347986,-6.715681076049805,-0.0025995548348873854,-9.777386588277295,-8.778905076207593,-9.008441132726148,-9.237976950826123,-9.467513007344678,-9.697049063863233,-0.9181439876556396,-8.99580617310977,-0.7815804151675252
56,4001,4867.071584,1900-01-01 13:59:00,12.7,49.9,28,4756.8,,8.12.2022,,46,51.45074696280062,6.240031030029058,27.575516,2022-12-08T12:58:56Z,,4001,308233.07591100706,5703565.047229096,24.6725,61.0,0.0002963526011563441,4867.05350649133,-0.06934650866969605,981184.4106534913,981191.394590779,-6.9839372877031565,981191.3969405041,-6.9862870128126815,-0.002349725109525025,-9.746486449614167,-8.846329951658845,-9.053262496367097,-9.260195041075349,-9.4671275857836,-9.674060130491853,-0.8277301788330078,-8.90548969110506,-0.8409967585091067
57,2001,4866.661432,1900-01-01 14:26:00,12.6,49.9,29,4756.4,,8.12.2022,,24,51.45832596346736,6.235839994624257,28.914265,2022-12-08T13:25:30Z,,2001,307973.7467075867,5704418.693116295,27.01,88.0,0.0002963526011563441,4866.635352971098,-0.48750002890210453,981183.9924999711,981191.3425495044,-7.35004953329917,981191.345118381,-7.352618409902789,-0.002568876603618264,-10.37432555144187,-9.388887204579078,-9.615424909046851,-9.841962375096045,-10.06849984114524,-10.295037545613013,-0.9061503410339355,-9.22376773545085,-1.1505578159910215
58,3001,4866.8152390000005,1900-01-01 14:38:00,12.6,49.9,22,4756.55,,8.12.2022,,35,51.45664103329182,6.231794971972704,22.080627,2022-12-08T13:37:39Z,,3001,307685.7029245967,5704241.974336643,22.0525,100.0,0.0002963526011563441,4866.785603739885,-0.33724926011473144,981184.1427507398,981192.7236390393,-8.580888299504295,981192.7257464401,-8.582995700300671,-0.0021074007963761687,-11.050079373875633,-10.245511321583763,-10.430469541111961,-10.61542776064016,-10.800385741749778,-10.985343961277977,-0.7398326396942139,-10.31818825964848,-0.7318911142271531
59,3002,4865.072093000001,1900-01-01 14:46:00,12.6,49.9,17,4754.85,,8.12.2022,,36,51.454706992954016,6.224189987406135,16.672348,2022-12-08T13:44:55Z,,3002,307149.30293324264,5704046.945834868,18.705,108.0,0.0002963526011563441,4865.040086919076,-2.0827660809236477,981182.397233919,981193.5858817108,-11.188647791743279,981193.5876791228,-11.190445203799754,-0.0017974120564758778,-13.283023402094841,-12.600586339831352,-12.75746850669384,-12.914350554347038,-13.071232602000237,-13.228114649653435,-0.6275283098220825,-12.472963784160413,-0.8100596179344279
60,2002,4865.789859,1900-01-01 14:52:00,12.5,49.9,16,4755.55,,8.12.2022,,25,51.459734039381146,6.222970001399517,15.986069,2022-12-08T13:51:19Z,,2002,307085.7636409309,5704609.084093639,18.14,114.0,0.0002963526011563441,4865.756074803468,-1.3667781965314134,981183.1132218034,981194.2041763004,-11.09095449699089,981194.2059221349,-11.09270033147186,-0.001745834480971098,-13.122067644726485,-12.460244252812117,-12.612387611996382,-12.764530851971358,-12.916674211155623,-13.068817570339888,-0.608573317527771,-12.312858944330685,-0.8092087003958
61,2003,4866.661432,1900-01-01 14:59:00,12.5,49.9,20,4756.4,,8.12.2022,,26,51.459386022761464,6.228301981464028,20.186523,2022-12-08T14:00:11Z,,2003,307454.6348898456,5704556.353218138,20.455,121.0,0.0002963526011563441,4866.62557333526,-0.4972796647398354,981183.9827203352,981193.459034388,-9.476314052706584,981193.4609941534,-9.478273818152957,-0.00195976544637233,-11.766634925967082,-11.02035056031309,-11.191910251742229,-11.363469823962077,-11.535029396181926,-11.706589206820354,-0.6862386465072632,-10.936773615926825,-0.8298613100402576
62,2004,4867.3791980000005,1900-01-01 15:05:00,12.6,49.9,32,4757.1,,8.12.2022,,27,51.45971702411771,6.244283001869917,32.113579,2022-12-08T14:06:08Z,,2004,308566.0042764812,5704551.244664492,32.225,127.0,0.0002963526011563441,4867.341561219654,0.21870821965421783,981184.6987082197,981189.85604315,-5.15733493026346,981189.8591015334,-5.160393313737586,-0.003058383474126458,-8.765527850948274,-7.58982456382364,-7.860101348720491,-8.130377895198762,-8.400654441677034,-8.670931226573884,-1.0811066627502441,-7.357202601423808,-1.4083252495244665
63,3003,4868.096964,1900-01-01 15:18:00,12.6,49.9,33,4757.8,,8.12.2022,,37,51.45643098279834,6.249495036900043,33.443352,2022-12-08T14:18:17Z,,3003,308914.2827137086,5704172.2734740265,34.65,140.0,0.0002963526011563441,4868.055474635838,0.9326216358385864,981185.4126216358,981188.8175010132,-3.4048793773399666,981188.8207873779,-3.408165742061101,-0.003286364721134305,-7.284596965764649,-6.020419166539796,-6.311034963582642,-6.60165052220691,-6.892265842412598,-7.182881639455445,-1.1624624729156494,-6.642211301056989,-0.6423856647076605
64,3004,4868.1995019999995,1900-01-01 15:25:00,12.5,49.9,35,4757.9,,8.12.2022,,38,51.453351974487305,6.255909036844969,35.375656,2022-12-08T14:25:13Z,,3004,309346.9729433627,5703813.215667822,39.7775,147.0,0.0002963526011563441,4868.15593816763,1.0330851676299062,981185.5130851676,981186.9632438614,-1.4501586938276887,981186.9670168459,-1.4539316783193499,-0.003772984491661191,-5.903996088542044,-4.452745535410941,-4.786366322077811,-5.119987108744681,-5.453607656992972,-5.787228682078421,-1.3344831466674805,-5.792123069092952,-0.11187301944909223
65,3005,4869.635034,1900-01-01 15:32:00,12.5,49.9,33,4759.3,by the highway,8.12.2022,,39,51.454600961878896,6.264245007187128,33.436508,2022-12-08T14:32:24Z,,3005,309931.22817403346,5703930.409344129,38.135002,154.0,0.0002963526011563441,4869.589395699421,2.4665426994215522,981186.9465426994,981187.5804189901,-0.6338762907544151,981187.584035915,-0.6374932156177238,-0.003616924863308668,-4.9038052229443565,-3.512479749158956,-3.832324948743917,-4.15216967149172,-4.4720143942395225,-4.7918595938244835,-1.2793798446655273,-4.601479075537384,-0.3023261474069727
66,3006,4870.198993,1900-01-01 15:40:00,12.5,49.9,31,4759.85,,8.12.2022,,40,51.452427031472325,6.271278010681272,31.301773,2022-12-08T14:40:04Z,,3006,310410.7593095172,5703670.467695548,36.72,162.0,0.0002963526011563441,4870.150983878612,3.028130878612501,981187.5081308786,981187.8251043432,-0.3169734646799043,981187.8285862927,-0.32045541412662715,-0.003481949446722865,-4.428466098499484,-3.0887663533212617,-3.396743552875705,-3.7047205140115693,-4.0126972367288545,-4.320674674701877,-1.2319083213806152,-3.961071433886275,-0.46739466461320944
67,2005,4872.1984840000005,1900-01-01 15:52:00,12.5,49.9,27,4761.8,,8.12.2022,,28,51.46128796041012,6.279151970520616,26.903744,2022-12-08T14:52:59Z,,2005,310994.3632443242,5704635.306325813,33.7275,174.0,0.0002963526011563441,4872.1469186474,5.024065647399766,981189.5040656474,981189.531095319,-0.02702967158984393,981189.5342962495,-0.030230602133087814,-0.003200930543243885,-3.803455986897461,-2.572935023228638,-2.8558134221239015,-3.138691821019165,-3.421570219914429,-3.7044486188096926,-1.1315135955810547,-3.0713425733059125,-0.7321134135915486
68,2006,4872.711174,1900-01-01 15:58:00,12.5,49.9,25,4762.3,,8.12.2022,,29,51.46239001303911,6.284806989133358,25.200516,2022-12-08T14:57:52Z,,2006,311391.67270757945,5704743.252973112,32.3975,180.0,0.0002963526011563441,4872.657830531792,5.53497753179181,981190.0149775317,981190.0388518912,-0.023874359438195825,981190.0419276163,-0.02695008460432291,-0.0030757251661270857,-3.651382046053186,-2.4693849852774292,-2.741108732530847,-3.012832002947107,-3.2845552733633667,-3.5562790206167847,-1.0868940353393555,-2.8188961111384856,-0.8324859349147005
69,2007,4873.42894,1900-01-01 16:02:00,12.5,49.9,24,4763.0,after disconnected,8.12.2022,,30,51.46363497711718,6.290875989943743,23.740845,2022-12-08T15:02:39Z,,2007,311818.3032355831,5704866.0556018865,30.3825,184.0,0.0002963526011563441,4873.374411121387,6.251558121387461,981190.7315581214,981190.7706179061,-0.03905978472903371,981190.7735040109,-0.041945889475755394,-0.002886104746721685,-3.4409505394287407,-2.3324691322632134,-2.587292578537017,-2.8421157863922417,-3.0969389942474663,-3.35176244052127,-1.0192933082580566,-2.7035674129522818,-0.737383126476459
70,3007,4872.711174,1900-01-01 16:11:00,12.5,49.9,24,4762.3,,8.12.2022,,41,51.45703498274088,6.293671019375324,23.543646,2022-12-08T15:11:04Z,,3007,311985.2881686866,5704125.054824098,29.435001,193.0,0.0002963526011563441,4872.653977947977,5.531124947977332,981190.0111249479,981190.4801883647,-0.46906341682188213,981190.4829845264,-0.4718595785088837,-0.002796161687001586,-3.7648638642858714,-2.690951243741438,-2.9378279603552073,-3.1847042001318187,-3.431580678327009,-3.6784571565221995,-0.9875059127807617,-2.8222890149712043,-0.9425748493146671
71,3008,4873.42894,1900-01-01 16:18:00,12.5,49.9,22,4763.0,,8.12.2022,,42,51.4578109793365,6.298980033025146,22.079338,2022-12-08T15:18:08Z,,3008,312357.2397686631,5704197.713451011,26.7575,200.0,0.0002963526011563441,4873.369669479768,6.246816479768313,981190.7268164797,981191.374993754,-0.6481772742699832,981191.377538767,-0.6507222872460261,-0.0025450129760429263,-3.644181140465662,-2.667955049080774,-2.8923751197289675,-3.1167947135400027,-3.341214545769617,-3.565634377999231,-0.897679328918457,-2.881235702000879,-0.7629454384647829
72,4002,4872.608636,1900-01-01 16:31:00,12.3,49.9,23,4762.2,,8.12.2022,,47,51.452017994597554,6.305740037932992,22.670425,2022-12-08T15:30:48Z,,4002,312803.0811585212,5703536.315891799,28.295,213.0,0.0002963526011563441,4872.545512895954,5.422659895953984,981189.902659896,981190.3889366988,-0.4862768028397113,981190.3916246548,-0.4889647588133812,-0.0026879559736698866,-3.654432711424306,-2.62211221200414,-2.8594273899216205,-3.096742329420522,-3.3340575073380023,-3.571372685255483,-0.9492604732513428,-3.132203153604962,-0.5222295578193439
73,4003,4872.044677,1900-01-01 16:41:00,12.2,49.9,25,4761.65,,8.12.2022,,48,51.449656980112195,6.296764025464654,24.90033,2022-12-08T15:41:03Z,,4003,312169.8383142763,5703296.79423618,28.6875,223.0,0.0002963526011563441,4871.978590369942,4.85573736994229,981189.33573737,981190.0593013455,-0.7235639755381271,981190.0620253104,-0.7262879404006526,-0.002723964862525463,-3.935667580808513,-2.8890269462717697,-3.1296342079294845,-3.3702412311686203,-3.610848254407756,-3.8514552776468918,-0.9624283313751221,-2.9212349277598264,-1.0144326530486865
74,4004,4871.480718000001,1900-01-01 16:49:00,12.1,49.9,28,4761.1,,8.12.2022,,49,51.45018998533487,6.288440963253379,27.893066,2022-12-08T15:48:56Z,,4004,311593.81437773176,5703377.440110177,32.072502,231.0,0.0002963526011563441,4871.412260549134,4.289407549134012,981188.769407549,981189.0617614622,-0.29235391318798065,981189.0648035549,-0.2953960058512166,-0.0030420926632359624,-3.8834720104932785,-2.7133324593305588,-2.9823301285505295,-3.2513277977705,-3.520325228571892,-3.7893231362104416,-1.0759906768798828,-3.0039315916740748,-0.8795404188192038
75,4005,4870.916759,1900-01-01 16:54:00,12.0,49.9,31,4760.55,,8.12.2022,,50,51.449442990124226,6.283019967377186,30.720749,2022-12-08T15:53:24Z,,4005,311214.12991529,5703308.348943809,33.39,236.0,0.0002963526011563441,4870.846819786127,3.7239667861267662,981188.2039667862,981188.5892109862,-0.38524420000612736,981188.5923773416,-0.3884105554316193,-0.003166355425491929,-4.123880932107568,-2.905673334375024,-3.1857212278991938,-3.4657688830047846,-3.7458165381103754,-4.025864431634545,-1.1201910972595215,-3.2271542577448713,-0.8967266743626965
76,8023,4859.791386,1900-01-01 18:44:00,13.0,49.9,,4749.7,Base Station II (new battery,8.12.2022,,118,51.41468499787152,6.243488984182477,2.53746,2022-12-08T11:58:59Z,,8023,308322.35969827947,5699546.502641427,23.7575,346.0,0.0002963526011563441,4859.688848,-7.43400500000007,981177.0459949999,981188.4917397653,-11.44574476534035,981188.4939976997,-11.448002699762583,-0.0022579344222322106,-14.105842364369892,-13.239068997441791,-13.438327324925922,-13.637585652410053,-13.836843741475604,-14.036102068959735,-0.7970330715179443,-10.5669668910935,-3.5388754732763914
77,3009,4865.841128,1900-01-01 10:35:00,12.7,50.0,27,4755.6,Base Station III,19.12.2022,,43,51.454789973795414,6.241140961647034,26.741566,2022-12-19T09:36:26Z,BS3,3009,308327.1237777384,5704011.6576048285,32.4675,0.0,0.0003097824773416769,4865.841128,0.0,981184.48,981189.3461028093,-4.866102809319273,981189.3491830585,-4.869183058501221,-0.003080249181948602,-8.501448268303648,-7.316897506127134,-7.589208001503721,-7.861518496880308,-8.133828992256895,-8.40613972605206,-1.0892422199249268,-8.358084454238735,-0.14336381406491228
78,4006,4866.405086999999,1900-01-01 10:45:00,12.7,50.0,15,4756.15,,19.12.2022,,51,51.45076800137758,6.235714014619589,14.918428,2022-12-19T09:45:53Z,,4006,307933.2631768141,5703578.702136774,22.505001,9.72,0.0003097824773416769,4866.4020759143195,0.5609479143195131,981185.0409479144,981192.0653392528,-7.02439133846201,981192.0674875033,-7.026539588929154,-0.002148250467143953,-9.544248268241063,-8.723171279067174,-8.91192464553751,-9.100677892798558,-9.289431259268895,-9.478184625739232,-0.7550133466720581,-9.881505251317606,0.33725698307654284
79,4007,4865.123361999999,1900-01-01 10:51:00,12.7,50.0,14,4754.9,,19.12.2022,,52,51.45061201415956,6.229295991361141,14.257325,2022-12-19T09:51:08Z,,4007,307486.7503046314,5703578.214596142,21.06,15.56,0.0003097824773416769,4865.118541784652,-0.7225862153482012,981183.7574137846,981192.4974910349,-8.740077250287868,981192.499505277,-8.742091492400505,-0.002014242112636566,-11.098139279172756,-10.329781883046962,-10.506415837095119,-10.683049671933986,-10.859683506772853,-11.03631734161172,-0.7065354585647583,-11.485264768163063,0.3871254889903071
80,5004,4864.867017,1900-01-01 11:00:00,12.7,49.9,16,4754.65,,19.12.2022,,61,51.445678006857634,6.232467032968998,16.128979,2022-12-19T09:59:00Z,,5004,307686.3028096317,5703021.301697959,20.744999,24.31,0.0003097824773416769,4864.859486187976,-0.9816418120244634,981183.498358188,981192.1589499364,-8.660591748426668,981192.1609345084,-8.662576320464723,-0.0019845720380544662,-10.983383563230745,-10.226518657873385,-10.400510695646517,-10.57450249500107,-10.748494294355623,-10.922486451338045,-0.6959677934646606,-11.097617761269532,0.11423419803878687
81,5005,4863.226409,1900-01-01 11:05:00,12.7,49.9,15,4753.05,,19.12.2022,,62,51.44474996253848,6.22746697627008,14.714963,2022-12-19T10:05:11Z,,5005,307335.00551295665,5702931.262911571,19.1325,29.17,0.0003097824773416769,4863.217372645136,-2.623755354864443,981181.8562446451,981192.5746044578,-10.718359812744893,981192.5764400102,-10.720195365138352,-0.0018355523934587836,-12.860602005966939,-12.162567957886495,-12.32303570176009,-12.483503207215108,-12.643970712670125,-12.804438456543721,-0.6418704986572266,-12.500094204130903,-0.3605078018360359
82,5006,4861.63707,1900-01-01 11:13:00,12.6,49.9,16,4751.5,,19.12.2022,,63,51.44535102881491,6.220670007169247,14.972722,2022-12-19T10:12:31Z,,5006,306865.2995478243,5703015.997558858,18.84,36.94,0.0003097824773416769,4861.625626635287,-4.215501364713418,981180.2644986353,981192.7179550569,-12.453456421615556,981192.7197633561,-12.455264720832929,-0.0018082992173731327,-14.562947769882157,-13.875585337402299,-14.03359987330623,-14.191614170791581,-14.349628468276933,-14.507642765762284,-0.6320574283599854,-14.400689119510673,-0.16225865037148424
83,5007,4861.021841999999,1900-01-01 11:24:00,12.6,50.0,16,4750.9,,19.12.2022,,64,51.4460080023855,6.21558696962893,16.190699,2022-12-19T10:24:36Z,,5007,306514.9210572691,5703102.461460596,18.73,47.64,0.0003097824773416769,4861.007083962779,-4.834044037221247,981179.6459559627,981192.8099232658,-13.163967303116806,981192.8117216249,-13.165765662211925,-0.0017983590951189399,-15.26114194758702,-14.577792934258468,-14.734884790261276,-14.891976407845505,-15.049068144639023,-15.20616000064183,-0.6283670663833618,-15.913474116511964,0.6523321689249428
84,1001,4865.943666,1900-01-01 11:38:00,12.6,49.9,27,4755.7,next to turbine,19.12.2022,,1,51.46544395945966,6.234485981985927,27.437416,2022-12-19T10:38:17Z,,1001,307909.60204838135,5705213.6505225925,33.0325,61.25,0.0003097824773416769,4865.924691823263,0.08356382326292078,981184.5635638232,981190.1125678123,-5.549003989086486,981190.1157044477,-5.552140624495223,-0.0031366354087367654,-9.247612149105407,-8.042447478161193,-8.319497019634582,-8.596546322689392,-8.873595387325622,-9.15064492879901,-1.1081974506378174,-8.911260655653052,-0.33635149345235504
85,1002,4866.302549,1900-01-01 11:43:00,12.5,49.9,26,4756.05,,19.12.2022,,2,51.46547899581492,6.236757980659604,25.715065,2022-12-19T10:43:34Z,,1002,308067.53297711647,5705211.586474661,32.9375,66.11,0.0003097824773416769,4866.282069280423,0.44094128042252123,981184.9209412804,981190.144979506,-5.224038225598633,981190.1481067,-5.227165419608355,-0.003127194009721279,-8.912009102292359,-7.7103105606511235,-7.986563307233155,-8.262815815396607,-8.53906808514148,-8.815320831723511,-1.1050102710723877,-8.413249843092956,-0.498759259199403
86,1003,4864.559403,1900-01-01 11:52:00,12.5,50.0,27,4754.35,next to turbine,19.12.2022,,3,51.46441197954118,6.231091981753707,26.819576,2022-12-19T10:53:18Z,,1003,307669.55769161443,5705107.822923894,34.7125,74.86,0.0003097824773416769,4864.536212683746,-1.304915316253755,981183.1750846837,981189.5029919664,-6.327907282742672,981189.5062868865,-6.331202202825807,-0.0032949200831353664,-10.214622933301143,-8.948164898785762,-9.239304739865474,-9.530444580945186,-9.82158418360632,-10.112724024686031,-1.1645591259002686,-9.784156979215652,-0.4304659540854914
87,1004,4865.841128,1900-01-01 12:08:00,12.5,50.0,19,4755.6,,19.12.2022,,4,51.464414997026324,6.229206975549459,19.35178,2022-12-19T11:10:07Z,,1004,307538.65924128063,5705113.112687324,28.68,90.42,0.0003097824773416769,4865.813117468399,-0.028010531601466937,981184.4519894684,981191.3648888633,-6.912899394868873,981191.367615075,-6.91562560654711,-0.002726211678236723,-10.124163289903663,-9.077796359895729,-9.31834067904856,-9.558884759782813,-9.799428840517066,-10.03997292125132,-0.9621765613555908,-10.237713701362111,0.1135504114584478
88,1005,4867.174121999999,1900-01-01 12:28:00,12.5,49.9,18,4756.9,,19.12.2022,,5,51.466029016301036,6.239920975640416,18.324097,2022-12-19T11:28:27Z,,1005,308289.50012747734,5705264.451404481,32.08,109.86,0.0003097824773416769,4867.140089297039,1.2989612970386588,981185.778961297,981190.4581718496,-4.679210552596487,981190.4612185957,-4.6822572987293825,-0.0030467461328953505,-8.27116836013738,-7.100755104445852,-7.369815716170706,-7.638876327895559,-7.907936701201834,-8.176997312926687,-1.076242208480835,-7.713076084074885,-0.5580922760624958
89,1006,4867.686812,1900-01-01 12:35:00,12.5,49.9,21,4757.4,,19.12.2022,,6,51.46573296748102,6.242638975381851,20.941654,2022-12-19T11:34:47Z,,1006,308477.0151903182,5705224.420782514,31.6725,116.67,0.0003097824773416769,4867.650669678368,1.8095416783680776,981186.2895416784,981190.5577850564,-4.268243378028274,981190.5607929011,-4.271251222700812,-0.00300784467253834,-7.814573829993606,-6.6590278800576925,-6.924670761451125,-7.190313404425979,-7.455956047400832,-7.721598928794265,-1.0625710487365723,-7.207059305198811,-0.6075145247947944
90,1007,4868.507116,1900-01-01 12:41:00,12.5,49.9,22,4758.2,,19.12.2022,,7,51.467276997864246,6.244113016873598,21.83252,2022-12-19T11:40:44Z,,1007,308585.8468932947,5705392.236589606,31.265,122.5,0.0003097824773416769,4868.469167646525,2.6280396465253943,981187.1080396465,981190.8198818035,-3.711842156946659,981190.8228521983,-3.7148125517414883,-0.0029703947948291898,-7.21254525333643,-6.071866609156132,-6.3340917602181435,-6.596316672861576,-6.858541585505009,-7.12076673656702,-1.0489001274108887,-6.812067525149644,-0.40047772818678595
91,1008,4869.429958000001,1900-01-01 12:46:00,12.5,49.9,23,4759.1,,19.12.2022,,8,51.46767698228359,6.247501987963915,24.030109,2022-12-19T11:46:07Z,,1008,308822.8648450195,5705427.852013243,32.215,127.36,0.0003097824773416769,4869.390504103686,3.5493761036859723,981188.0293761037,981190.5620313503,-2.5326552466722205,981190.5650910487,-2.535714945057407,-0.0030596983851864934,-6.139728792128153,-4.964390047010966,-5.234583146986552,-5.504775770124979,-5.774968393263407,-6.045161493238993,-1.0807714462280273,-6.188253881912999,0.04852508978484593
92,1009,4870.3528,1900-01-01 12:51:00,12.5,49.9,30,4760.0,,19.12.2022,,9,51.46833999082446,6.25133897177875,30.295929,2022-12-19T11:52:20Z,,1009,309092.08864891407,5705491.5539782895,35.177498,132.22,0.0003097824773416769,4870.311840560846,4.470712560845641,981188.9507125608,981189.7063497159,-0.7556371551472694,981189.7096892729,-0.7589767121244222,-0.0033395569771528244,-4.694417701335624,-3.410994754405692,-3.7060346466023475,-4.001074538799003,-4.296114192577079,-4.591154084773734,-1.180159330368042,-5.526088898340561,0.8316711970049369
93,1010,4870.762951999999,1900-01-01 12:56:00,12.5,49.9,32,4760.4,,19.12.2022,,10,51.46853797137737,6.253824960440397,32.298378,2022-12-19T11:56:10Z,,1010,309265.54906461976,5705507.085657084,36.015,137.08,0.0003097824773416769,4870.720487018005,4.879359018004834,981189.359359018,981189.4653783415,-0.10601932345889509,981189.4687977006,-0.10943868255708367,-0.003419359098188579,-4.138573949923739,-2.82459551631473,-3.1266596966888756,-3.428723638644442,-3.7307875806000084,-4.032851760974154,-1.2082562446594238,-5.146768842395716,1.0081948924719768
94,1011,4871.275642,1900-01-01 13:00:00,12.4,49.9,33,4760.9,,19.12.2022,,11,51.4690650254488,6.256367024034262,33.272461,2022-12-19T12:02:24Z,,1011,309444.2736516442,5705559.065037513,35.38,140.97,0.0003097824773416769,4871.231971964169,5.3908439641691075,981189.8708439642,981189.7078789126,0.16296505159698427,981189.7112377242,0.15960623999126256,-0.003358811605721712,-3.798489578301087,-2.507678516441956,-2.804416902596131,-3.1011550503317267,-3.3978929596487433,-3.694631345802918,-1.186952829360962,-4.764716095561482,0.9662265172603952
95,1012,4871.89087,1900-01-01 13:03:00,12.4,49.9,31,4761.5,next to turbine,19.12.2022,,12,51.46960297599435,6.259024003520608,31.24332,2022-12-19T12:03:51Z,,1012,309631.01953036746,5705611.963262571,34.285,143.89,0.0003097824773416769,4871.846295399336,6.005167399335733,981190.4851673993,981190.093297787,0.39186961227096617,981190.0965531126,0.38861428666859865,-0.0032553256023675203,-3.446979216998443,-2.1961182875093073,-2.483672551577911,-2.7712268156465143,-3.0587808412965387,-3.3463353437837213,-1.150217056274414,-4.396828946112976,0.9498497291145327
96,1013,4872.1984840000005,1900-01-01 13:07:00,12.5,49.9,32,4761.8,,19.12.2022,,13,51.47005903534591,6.261634966358542,31.766989,2022-12-19T12:07:10Z,,1013,309814.2250788604,5705655.8827963825,33.872498,147.78,0.0003097824773416769,4872.152704345499,6.3115763454989064,981190.7915763455,981190.2608655068,0.5307108386186883,981190.2640827812,0.5274935642955825,-0.003217274323105812,-3.26195058983285,-2.026139356312342,-2.310234166798182,-2.5943285004468635,-2.878423072514124,-3.162517644581385,-1.136378288269043,-4.06995426226905,0.8080036724362003
97,1014,4872.7624430000005,1900-01-01 13:10:00,12.4,49.9,31,4762.35,,19.12.2022,,14,51.47056597284973,6.263935966417193,31.05723,2022-12-19T12:10:48Z,,1014,309976.11483045446,5705706.2703432115,32.807503,150.69,0.0003097824773416769,4872.7157618784895,6.874633878489476,981191.3546338785,981190.6342863316,0.7203475468559191,981190.6374023987,0.7172314797062427,-0.0031160671496763825,-2.953067637165077,-1.7561121947364882,-2.031274414737709,-2.3064366347389296,-2.581598616321571,-2.856761074741371,-1.1006488800048828,-3.8007477191652583,0.8476800820001813
98,1015,4873.377671,1900-01-01 13:20:00,12.5,49.9,31,4762.95,,19.12.2022,,15,51.471916968002915,6.267958022654057,31.210348,2022-12-19T12:19:33Z,,1015,310261.01290921855,5705846.046387601,31.56,160.42,0.0003097824773416769,4873.327975694985,7.486847694985045,981191.966847695,981191.1385579503,0.8282897446770221,981191.14155701,0.8252906849374995,-0.002999059739522636,-2.705444100080058,-1.5540027644019574,-1.818701985059306,-2.0834012057166547,-2.348100187955424,-2.612799647031352,-1.0587968826293945,-3.3633453081504854,0.6579012080704274
99,1016,4873.377671,1900-01-01 13:31:00,12.5,49.9,31,4762.95,,19.12.2022,,16,51.473334012553096,6.268625976517797,33.684559,2022-12-19T12:27:03Z,,1016,310313.27436904644,5706001.868603586,31.56,171.11,0.0003097824773416769,4873.324664120302,7.483536120302233,981191.9635361203,981191.2636810949,0.6998550253920257,981191.2666804317,0.6968556885840371,-0.002999336807988584,-2.8338788193650544,-1.6824374836869538,-1.9471367043443024,-2.211835925001651,-2.4765349072404206,-2.7412343663163483,-1.0587968826293945,-3.2379608488784584,0.404082029513404
100,1017,4873.94163,1900-01-01 13:38:00,12.5,49.9,,4763.5,,19.12.2022,,17,51.47406700998545,6.274273032322526,33.822346,2022-12-19T12:36:18Z,,1017,310708.41667691106,5706068.747383793,30.875,177.92,0.0003097824773416769,4873.886513501631,8.045385501631245,981192.5253855016,981191.5397937382,0.9855917633976787,981191.5427290767,0.9826564248651266,-0.002935338532552123,-2.471443539718166,-1.3449937163386494,-1.6039480029139668,-1.862901812652126,-2.121855622390285,-2.3808099089656025,-1.0358161926269531,-2.8293571208280923,0.3579135811099263
101,1018,4873.685285,1900-01-01 13:43:00,12.4,49.9,33,4763.25,,19.12.2022,,18,51.47246397100389,6.276945015415549,32.528393,2022-12-19T12:41:35Z,,1018,310887.3128232779,5705883.607189621,31.325,182.78,0.0003097824773416769,4873.628662958791,7.787534958791184,981192.2675349588,981191.2593780075,1.008156951284036,981191.2623553692,1.0051795896142721,-0.0029773616697639227,-2.4992643038276583,-1.356396738672629,-1.619124952936545,-1.881853167200461,-2.144581381464377,-2.407309595728293,-1.050912857055664,-2.762845917642437,0.26358161381477885
102,1019,4873.736554,1900-01-01 13:47:00,12.3,49.9,35,4763.3,,19.12.2022,,19,51.47285096347332,6.280372040346265,34.612572,2022-12-19T12:48:57Z,,1019,311126.8742808328,5705917.786260946,31.075,186.67,0.0003097824773416769,4873.678726904955,7.837598904954575,981192.317598905,981191.3706992627,0.9468996422365308,981191.3736528114,0.9439460935536772,-0.0029535486828535795,-2.5325296027585864,-1.3987827403470874,-1.6594145400449634,-1.9200458629056811,-2.180677185766399,-2.441308747045696,-1.0425260066986084,-2.61462035778942,0.0820907550308334
103,1020,4874.044168,1900-01-01 13:50:00,12.3,49.9,33,4763.6,,19.12.2022,,20,51.47384103387594,6.282243970781565,33.339252,2022-12-19T12:54:24Z,,1020,311260.9425516932,5706023.038469342,29.95,189.58,0.0003097824773416769,4873.985439437946,8.144311437946271,981192.624311438,981191.8052953081,0.8190161298261955,981191.8081436,0.8161678379401565,-0.0028482918860390782,-2.5344482351792976,-1.441746323253028,-1.6929422308458015,-1.9441379000199959,-2.1953338076127693,-2.4465297152055427,-1.0047833919525146,-2.5277864232569414,-0.006661811922356264
104,1021,4873.972391400001,1900-01-01 13:58:00,12.3,49.9,34,4763.530000000001,,19.12.2022,,21,51.47504299879074,6.283881040289998,33.623806,2022-12-19T12:59:57Z,,1021,311379.5724704717,5706152.458777446,30.6625,197.36,0.0003097824773416769,4873.911252730272,8.070124730272255,981192.5501247302,981191.6915484464,0.8585762837901711,981191.6944638938,0.8556608364451677,-0.0029154473450034857,-2.574665798805654,-1.455968870781362,-1.7131407400593162,-1.9703123709186912,-2.227484001778066,-2.4846558710560203,-1.0286870002746582,-2.4554698072982433,-0.11919599150741078
105,1022,4874.197975,1900-01-01 14:03:00,12.0,49.9,33,4763.75,,19.12.2022,,22,51.47477704100311,6.286363005638123,33.179295,2022-12-19T13:04:07Z,,1022,311550.80678600556,5706116.495186376,30.4025,202.22,0.0003097824773416769,4874.135330787432,8.294202787432368,981192.7742027874,981191.7483015858,1.025901201646775,981191.751192145,1.023010642384179,-0.0028905592625960708,-2.378229018766433,-1.2690178123302758,-1.524009105283767,-1.7789999214001,-2.033990975935012,-2.2889822688885033,-1.0199644565582275,-2.4374416883013623,0.05921266953492932
106,1023,4874.6081269999995,1900-01-01 14:08:00,11.9,49.9,32,4764.15,,19.12.2022,,23,51.4751279912889,6.288226973265409,31.886749,2022-12-19T13:08:52Z,,1023,311681.67474972317,5706150.718188702,29.8975,207.08,0.0003097824773416769,4874.543977244592,8.702849244591562,981193.1828492446,981191.9351322412,1.247717003338039,981191.9379759349,1.2448733096243814,-0.002843693713657558,-2.099868674762547,-1.0090822177007794,-1.2598380045965314,-1.5105933146551251,-1.761348863132298,-2.012104411609471,-1.0030221939086914,-2.423577586692147,0.32370891192960016
107,2008,4871.583256,1900-01-01 14:16:00,12.6,49.9,32,4761.2,new battery,19.12.2022,,31,51.46081496961415,6.270642997696996,33.565643,2022-12-19T13:17:25Z,,2008,310401.42014173407,5704604.719717713,33.87,214.86,0.0003097824773416769,4871.516696136919,5.675568136918628,981190.155568137,981189.4453521834,0.7102159535279498,981189.448566424,0.7070017129881307,-0.003214240539819002,-3.082165571511723,-1.8464456523070112,-2.13051948195789,-2.414592834771611,-2.6986664260039106,-2.9827400172362104,-1.1362943649291992,-3.665235749483429,0.583070177971706
108,2009,4869.84011,1900-01-01 14:22:00,12.7,49.9,33,4759.5,,19.12.2022,,32,51.46094799041748,6.262381039559841,35.886124,2022-12-19T13:23:12Z,,2009,309828.14229268907,5704640.939289329,37.22,220.69,0.0003097824773416769,4869.771744105075,3.930616105075387,981188.4106161051,981188.4232882126,-0.012672107550315559,981188.426819691,-0.016203585895709693,-0.0035314783453941345,-4.180149238440208,-2.8222071341006085,-3.1343778780428693,-3.446548383566551,-3.7587188890902326,-4.070889633032493,-1.2486824989318848,-4.4934839224818575,0.3133346840416493
109,2010,4869.84011,1900-01-01 14:28:00,12.7,49.9,36,4759.5,,19.12.2022,,33,51.46112501621246,6.257084012031555,36.066578,2022-12-19T13:28:25Z,,2010,309460.97847613436,5704674.3952033585,36.5975,226.53,0.0003097824773416769,4869.7699349754075,3.928806975407497,981188.4088069753,981188.6310241651,-0.22221718973014504,981188.6344970895,-0.2256901141954586,-0.003472924465313554,-4.319993602694012,-2.9847630137810484,-3.291712867678143,-3.5986622447380796,-3.9056118602165952,-4.212561475695111,-1.2277984619140625,-5.15976151152546,0.8397679088314476
110,2011,4868.507116,1900-01-01 14:35:00,12.7,49.9,33,4758.2,,19.12.2022,,34,51.45924696698785,6.251003025099635,33.384995,2022-12-19T13:34:29Z,,2011,309030.7875726825,5704481.43093575,34.61,233.33,0.0003097824773416769,4868.4348344545615,2.5937064545614703,981187.0737064546,981189.0785209825,-2.004814527928829,981189.0818051533,-2.0080986986868083,-0.0032841707579791546,-5.88005318492651,-4.617334984242916,-4.907615087926388,-5.1978951916098595,-5.488175056874752,-5.778455398976803,-1.1611204147338867,-6.1983766717979165,0.31832348687140666
111,3010,4870.968028,1900-01-01 14:49:00,12.7,49.9,32,4760.6,,19.12.2022,,44,51.45469098351896,6.278499020263553,31.855587,2022-12-19T13:49:24Z,,3010,310921.7426601407,5703903.5104596885,34.255,246.94,0.0003097824773416769,4870.891530315045,5.050402315045176,981189.5304023151,981188.7857375265,0.7446647885954008,981188.7889865317,0.7414157834136859,-0.0032490051817148924,-3.0908249613130465,-1.841058611520566,-2.1283613439882174,-2.4156638380372897,-2.702966570504941,-2.9902693029725924,-1.1492106914520264,-3.325923461737432,0.2350985004243853
112,3011,4871.685794,1900-01-01 14:56:00,12.6,49.9,30,4761.3,,19.12.2022,,45,51.455390034243464,6.286201989278197,29.670126,2022-12-19T13:56:44Z,,3011,311459.7040303551,5703961.369230501,32.22,253.75,0.0003097824773416769,4871.607186696375,5.766058696374785,981190.2460586963,981189.4754725205,0.7705861758440733,981189.4785294487,0.7675292475614697,-0.0030569282826036215,-2.83704717643559,-1.6615262795239687,-1.9317611027508974,-2.201995687559247,-2.4722302723675966,-2.7424653340131044,-1.0809390544891357,-2.957509727022,0.12046255058641009
113,5008,4868.507116,1900-01-01 15:06:00,12.6,49.9,36,4758.2,,19.12.2022,,65,51.44210102967918,6.277685975655913,36.073174,2022-12-19T14:08:20Z,,5008,310813.21243820037,5702505.804263337,37.96,263.47,0.0003097824773416769,4868.425497610695,2.584369610694921,981187.0643696106,981186.5304876864,0.5338819242315367,981186.5340837754,0.5302858352661133,-0.003596088965423405,-3.7164518617792055,-2.331511475960724,-2.6498889707727358,-2.96826575032901,-3.2866427683038637,-3.6050202631158754,-1.2735087871551514,-3.7678172183598804,0.05136535658067487
114,5009,4868.968537,1900-01-01 15:10:00,12.6,49.9,32 (crossed out),4758.65,,19.12.2022,,66,51.44141295924783,6.283024996519089,32.240425,2022-12-19T14:10:49Z,,5009,311181.34590249596,5702415.5214381935,36.4075,267.36,0.0003097824773416769,4868.885713556858,3.0445855568577826,981187.5245855568,981186.9488174822,0.57576807460282,981186.9522668438,0.5723187130643055,-0.003449361538514495,-3.500734725384973,-2.172435918240808,-2.4777919439366087,-2.7831479696324095,-3.0885039953282103,-3.393860021024011,-1.2214241027832031,-3.4168049835510033,-0.08392974183396973
115,5010,4870.506606999999,1900-01-01 15:16:00,12.6,49.9,31,4760.15,,19.12.2022,,67,51.44444704055786,6.290145004168153,31.151287,2022-12-19T14:16:18Z,,5010,311688.5609652754,5702734.529556268,33.23,273.19,0.0003097824773416769,4870.421977525014,4.580849525013946,981189.060849525,981188.1973627759,0.8634867491200566,981188.2005122894,0.8603372356155887,-0.0031495135044679046,-2.8572349725291133,-1.644864815287292,-1.9235708890482783,-2.2022764859721065,-2.4809820828959346,-2.759688156656921,-1.114823341369629,-3.0545907459830346,0.1973557734539213
116,5011,4870.557876,1900-01-01 15:22:00,12.6,49.9,29,4760.2,,19.12.2022,,68,51.44240001216531,6.296902997419238,28.690506,2022-12-19T14:22:31Z,,5011,312149.7022206413,5702489.573649463,32.34,279.03,0.0003097824773416769,4870.4714373953475,4.630309395347467,981189.1103093954,981188.2912248708,0.8190845245262608,981188.2942904177,0.8160189776681364,-0.003065546858124435,-2.80198514519725,-1.6220859294990078,-1.8933271175483242,-2.1645683055976406,-2.435809493646957,-2.7070506816962734,-1.0849647521972656,-2.9750890654188993,0.17310392022164933
117,5012,4870.968028,1900-01-01 15:28:00,12.6,49.9,28,4760.6,,19.12.2022,,69,51.4411520306021,6.304090982303023,27.533092,2022-12-19T14:28:15Z,,5012,312644.03605077555,5702332.40226758,29.68,284.86,0.0003097824773416769,4870.879783363504,5.038655363504404,981189.5186553635,981189.0018791844,0.5167761790798977,981189.0046945065,0.5139608569443226,-0.0028153221355751157,-2.8064564716769382,-1.723605300183408,-1.9725367081118748,-2.2214681160403416,-2.4703992855502293,-2.719330693478696,-0.9957253932952881,-3.054027661835164,0.24757119015822582
118,4008,4868.660923,1900-01-01 15:34:00,12.6,49.9,38,4758.35,on highway,19.12.2022,,53,51.448600022122264,6.276716021820903,37.89991,2022-12-19T14:35:06Z,,4008,310772.6953013722,5703230.896669475,39.315002,290.69,0.0003097824773416769,4868.570872331662,2.7297443316620047,981187.2097443317,981186.6863083036,0.5234360280446708,981186.690035768,0.5197085636900738,-0.003727464354597032,-3.878615897614509,-2.4442391810007393,-2.773981135804206,-3.103722852189094,-3.4334645685739815,-3.7632065233774483,-1.318967342376709,-3.6440931200425553,-0.2345227775719536
119,4009,4868.712192,1900-01-01 15:42:00,12.6,49.9,35,4758.4,city centre,19.12.2022,,54,51.449552960693836,6.267502969130874,35.240158,2022-12-19T14:43:10Z,,4009,310136.58931700274,5703360.698394836,40.0075,298.47,0.0003097824773416769,4868.619731223987,2.778603223987375,981187.258603224,981186.5567629716,0.7018402523826808,981186.5605560918,0.6980471321148798,-0.0037931202678009868,-3.777749686734751,-2.318107991712168,-2.653658061521128,-2.9892076544929296,-3.3247572474647313,-3.6603075556922704,-1.3421995639801025,-4.464294321290538,0.6865446345557871
120,4010,4867.2766599999995,1900-01-01 15:51:00,12.6,49.9,38,4757.0,city centre,19.12.2022,,55,51.44940401427448,6.260744975879788,37.926254,2022-12-19T14:51:02Z,,4010,309666.48041750427,5703361.683625883,43.165,307.22,0.0003097824773416769,4867.1814886273105,1.3403606273104742,981185.8203606273,981185.5692035202,0.25115710706450045,981185.5732985629,0.24706206435803324,-0.004095042706467211,-4.581974206259474,-3.0071336606051773,-3.3691660740878433,-3.7311984875705093,-4.093230424216017,-4.455263314535841,-1.448129653930664,-5.309930620869011,0.7279564146095368
121,4011,4865.789859,1900-01-01 15:55:00,12.6,49.9,41,4755.55,,19.12.2022,,56,51.45013399422169,6.253110989928246,41.012478,2022-12-19T14:56:18Z,,4011,309139.1788797752,5703462.717871761,45.4475,311.11,0.0003097824773416769,4865.693482573474,-0.14764542652574164,981184.3323545734,981184.9292922729,-0.596937699476257,981184.9336068125,-0.6012522390810773,-0.004314539604820311,-5.685637517133728,-4.027521653333679,-4.408697886625305,-4.789874119916931,-5.1710496379528195,-5.5522261096630245,-1.5247044563293457,-6.430890593366087,0.745253076232359
122,4012,4866.046204,1900-01-01 16:01:00,12.6,49.9,33,4755.8,,19.12.2022,,57,51.45099397748709,6.246908968314528,33.176918,2022-12-19T15:00:47Z,,4012,308711.9164734,5703574.519370899,36.35,316.94,0.0003097824773416769,4865.9480215416315,0.1068935416315071,981184.5868935416,981187.8127302106,-3.2258366689784452,981187.8161760992,-3.229282557615079,-0.0034458886366337538,-7.295900736819021,-5.96970001317095,-6.2745739564998075,-6.579447661410086,-6.884321127901785,-7.1891950712306425,-1.2194950580596924,-7.483186262231641,0.18728552541261934
123,3009,4865.73859,1900-01-01 16:06:00,12.6,49.9,,4755.5,Base Station III,19.12.2022,,43,51.454789973795414,6.241140961647034,26.741566,2022-12-19T09:36:26Z,BS3,3009,308327.1237777384,5704011.6576048285,32.4675,321.81,0.0003097824773416769,4865.6388989009665,-0.20222909903350228,981184.277770901,981189.3461028093,-5.068331908318214,981189.3491830585,-5.071412157500163,-0.003080249181948602,-8.70367736730259,-7.5191266051260754,-7.791437100502662,-8.06374759587925,-8.336058091255836,-8.608368825051002,-1.0892422199249268,-8.358084454238735,-0.34559291306385376
